cycle,scout_effort
0,0.0
720,0.0
1440,0.0
2160,0.0
2880,0.0
3600,0.0
4320,0.6407817993795243
5040,0.32213029989658737
5760,0.37745604963805585
6480,0.0
7200,0.0
7920,0.0036194415718717684
8640,0.34684315753188555
9360,0.0025853154084798345
10080,0.0