cycle,scout_effort
0,0.0
720,0.0
1440,0.0
2160,0.0
2880,0.0
3600,0.0
4320,0.33597931747673215
5040,0.3967211306446053
5760,0.40072388831437433
6480,0.0
7200,0.0
7920,0.026367459496725268
8640,0.001034126163391934
9360,0.0
10080,0.0