cycle,scout_effort
0,0.0
720,0.0
1440,0.0
2160,0.0
2880,0.0
3600,0.0
4320,0.458868439680453
5040,0.4828007550476961
5760,0.20833333333333334
6480,0.7762202110088651
7200,0.1656891495601173
7920,0.0
8640,0.0
9360,0.0
10080,0.0