cycle,scout_effort
0,0.0
720,0.0
1440,0.0
2160,0.0
2880,0.0
3600,0.0
4320,0.3051800737309765
5040,0.510504300973627
5760,0.30978432113936416
6480,0.14871049563600847
7200,0.0
7920,0.0
8640,0.0
9360,0.0
10080,0.0