cycle,scout_effort
0,0.0
720,0.0
1440,0.0
2160,0.0
2880,0.0
3600,0.0
4320,0.15052947052947052
5040,0.5717082917082917
5760,0.7004295704295704
6480,0.6528271728271728
7200,0.0
7920,0.0
8640,0.2858541458541458
9360,0.7360839160839161
10080,0.034235764235764236