cycle,scout_effort
0,0.0
720,0.0
1440,0.0
2160,0.0
2880,0.0
3600,0.009888751545117428
4320,0.4588465108890445
5040,0.3318912237330037
5760,0.7603640768264653
6480,0.0
7200,0.0
7920,0.0
8640,0.06410561901499695
9360,0.008034610630407911
10080,0.43669610456659763