cycle,scout_effort
0,0.0
720,0.0
1440,0.0
2160,0.0
2880,0.0
3600,0.0
4320,0.0
5040,0.5522435352711916
5760,0.43530374215403583
6480,0.0
7200,0.05153203342618384
7920,0.3746100422580246
8640,0.24225629621521347
9360,0.07394002068252327
10080,0.7104000253490537