cycle,scout_effort
0,0.0
720,0.0
1440,0.0
2160,0.0
2880,0.0
3600,0.21365638766519823
4320,0.710150331179777
5040,0.475933851774334
5760,0.11948790896159317
6480,0.1013215859030837
7200,0.7643892443335987
7920,0.0
8640,0.0
9360,0.0
10080,0.27597270351733605