cycle,scout_effort
0,0.0
720,0.0
1440,0.0
2160,0.0
2880,0.0
3600,0.0
4320,0.5967744161651852
5040,0.16666666666666666
5760,0.2365819209039548
6480,0.4949069728923977
7200,0.0
7920,0.0
8640,0.0
9360,0.0
10080,0.2528248587570621