cycle,scout_effort
0,0.0
720,0.0
1440,0.0
2160,0.0
2880,0.0
3600,0.0
4320,0.5531549933359096
5040,0.24794359576968272
5760,0.5247833184804297
6480,0.31493347739335487
7200,0.28976569215845555
7920,0.1912751677852349
8640,0.0
9360,0.0
10080,0.0