cycle,scout_effort
0,0.0
720,0.0
1440,0.0
2160,0.0
2880,0.0
3600,0.0
4320,0.621491930289479
5040,0.3072033898305085
5760,0.4811369366385101
6480,0.3707627118644068
7200,0.6415143819356264
7920,0.20280323524540386
8640,0.14169381107491857
9360,0.03745928338762215
10080,0.0