cycle,scout_effort
0,0.0
720,0.0
1440,0.0
2160,0.0
2880,0.0
3600,0.0
4320,0.0
5040,0.0
5760,0.048051948051948054
6480,0.5238261738261738
7200,0.45409590409590406
7920,0.16295704295704294
8640,0.3264635364635365
9360,0.13
10080,0.0