cycle,scout_effort
0,0.0
720,0.0
1440,0.0
2160,0.0
2880,0.0
3600,0.0
4320,0.2851753118779196
5040,0.4222799727960048
5760,0.14709517923362175
6480,0.30407911001236093
7200,0.09765142150803462
7920,0.10074165636588381
8640,0.0
9360,0.0
10080,0.0