cycle,scout_effort
0,0.0
720,0.0
1440,0.0
2160,0.0
2880,0.0
3600,0.0
4320,0.0
5040,0.4530269894285661
5760,0.19068059480765254
6480,0.24822190611664297
7200,0.7876313596230128
7920,0.0
8640,0.0
9360,0.0
10080,0.28044692037272606