cycle,scout_effort
0,0.0
720,0.0
1440,0.0
2160,0.0
2880,0.0
3600,0.0
4320,0.28026835429911306
5040,0.401177578762102
5760,0.0
6480,0.24284825422796288
7200,0.3167868346233505
7920,0.0
8640,0.0
9360,0.0
10080,0.19286452947259566