cycle,scout_effort
0,0.0
720,0.0
1440,0.0
2160,0.0
2880,0.46641694118758337
3600,0.3918918918918919
4320,0.4080148300331787
5040,0.520928530102842
5760,0.05276705276705277
6480,0.41901928140460254
7200,0.6333965026625576
7920,0.01834862385321101
8640,0.0871559633027523
9360,0.11238532110091744
10080,0.0