cycle,scout_effort
0,0.0
720,0.0
1440,0.0
2160,0.0
2880,0.0
3600,0.0
4320,0.0
5040,0.012711864406779662
5760,0.009887005649717515
6480,0.0
7200,0.0
7920,0.10570446640534423
8640,0.30817644785513165
9360,0.116612837924879
10080,0.04034165148420103