cycle,scout_effort
0,0.0
720,0.0
1440,0.0
2160,0.0
2880,0.0
3600,0.0
4320,0.0
5040,0.0
5760,0.0
6480,0.6471091344509066
7200,0.20622362869198313
7920,0.22468354430379747
8640,0.3969409282700422
9360,0.46688048808301974
10080,0.45395712167864066