cycle,scout_effort
0,0.0
720,0.0
1440,0.0
2160,0.0
2880,0.0
3600,0.0
4320,0.0
5040,0.0013513513513513514
5760,0.6101066256129547
6480,0.6591914699509637
7200,0.002702702702702703
7920,0.0
8640,0.0
9360,0.0
10080,0.16824894514767932