cycle,scout_effort
0,0.0
720,0.0
1440,0.0
2160,0.0
2880,0.0
3600,0.11409395973154363
4320,0.7092155843337429
5040,0.6710621671865645
5760,0.0
6480,0.268621797901503
7200,0.0
7920,0.2483221476510067
8640,0.22986577181208054
9360,0.031879194630872486
10080,0.0