cycle,scout_effort
0,0.0
720,0.0
1440,0.0
2160,0.0
2880,0.0
3600,0.0
4320,0.5322351349859218
5040,0.2274011299435028
5760,0.5365299324610318
6480,0.5185157069508088
7200,0.0
7920,0.0
8640,0.06733653545335762
9360,0.16554638473288064
10080,0.0