cycle,scout_effort
0,0.0
720,0.0
1440,0.0
2160,0.0
2880,0.0
3600,0.0
4320,0.0
5040,0.6652004353346634
5760,0.4321721780140222
6480,0.5832893003888043
7200,0.0
7920,0.02743909652284324
8640,0.5415933879604728
9360,0.6796484988051956
10080,0.5362423993880078