cycle,scout_effort
0,0.0
720,0.0
1440,0.0
2160,0.0
2880,0.0
3600,0.0
4320,0.39577773976508157
5040,0.42035864978902954
5760,0.14135021097046413
6480,0.46867943893260344
7200,0.1787974683544304
7920,0.0
8640,0.0
9360,0.0
10080,0.0