cycle,scout_effort
0,0.0
720,0.0
1440,0.0
2160,0.0
2880,0.0
3600,0.0
4320,0.6193732862216824
5040,0.23587570621468926
5760,0.07274011299435028
6480,0.0
7200,0.19556856033419825
7920,0.6938570823901802
8640,0.0
9360,0.0
10080,0.0