cycle,scout_effort
0,0.0
720,0.0
1440,0.0
2160,0.0
2880,0.0
3600,0.153560839320333
4320,0.5907572129091117
5040,0.40822784810126583
5760,0.5194235374615122
6480,0.0
7200,0.0
7920,0.6163587638271182
8640,0.15770042194092826
9360,0.0
10080,0.0