cycle,scout_effort
0,0.0
720,0.0
1440,0.0
2160,0.0
2880,0.0
3600,0.0
4320,0.01891891891891892
5040,0.33288003193066484
5760,0.3180379746835443
6480,0.3124444064317482
7200,0.17563291139240506
7920,0.0
8640,0.0
9360,0.0
10080,0.18858763827118258