cycle,scout_effort
0,0.0
720,0.0
1440,0.0
2160,0.0
2880,0.0
3600,0.4769814056468836
4320,0.49230950095029097
5040,0.6541313164958755
5760,0.0
6480,0.0
7200,0.0
7920,0.298746007798264
8640,0.5920214746164547
9360,0.4074534161490683
10080,0.36149068322981365