cycle,scout_effort
0,0.0
720,0.0
1440,0.0
2160,0.0
2880,0.0
3600,0.0
4320,0.3530562207777398
5040,0.3022151898734177
5760,0.3771097046413502
6480,0.0
7200,0.0
7920,0.0
8640,0.0
9360,0.0
10080,0.0