cycle,scout_effort
0,0.0
720,0.0
1440,0.0
2160,0.0
2880,0.016216216216216217
3600,0.49176930094651616
4320,0.4572784810126582
5040,0.19936708860759494
5760,0.04588607594936709
6480,0.0
7200,0.0
7920,0.0
8640,0.0
9360,0.0
10080,0.0