cycle,scout_effort
0,0.0
720,0.0
1440,0.0
2160,0.0
2880,0.0
3600,0.0
4320,0.2884065705983514
5040,0.5455968688845401
5760,0.35462847654628477
6480,0.23838581509814386
7200,0.0
7920,0.0
8640,0.0
9360,0.08441558441558442
10080,0.5554260807685465