cycle,scout_effort
0,0.0
720,0.0
1440,0.0
2160,0.0
2880,0.0
3600,0.5983931505092013
4320,0.6419928575271153
5040,0.3516819571865443
5760,0.7579297587863589
6480,0.559459224590632
7200,0.08868501529051988
7920,0.0
8640,0.0
9360,0.0
10080,0.5889208906986464