cycle,scout_effort
0,0.0
720,0.0
1440,0.0
2160,0.0
2880,0.0
3600,0.0
4320,0.6978959810874705
5040,0.3597872340425532
5760,0.0
6480,0.0
7200,0.14666666666666667
7920,0.0
8640,0.0
9360,0.17777777777777778
10080,0.0