cycle,scout_effort
0,0.0
720,0.0
1440,0.0
2160,0.0
2880,0.32028665266004974
3600,0.2461602550170253
4320,0.11304909560723514
5040,0.1298449612403101
5760,0.0
6480,0.0
7200,0.0
7920,0.6776485788113695
8640,0.644364751624043
9360,0.041343669250646
10080,0.0