cycle,scout_effort
0,0.0
720,0.0
1440,0.0
2160,0.0
2880,0.0
3600,0.13798690106859704
4320,0.6221413305756636
5040,0.8376504653567736
5760,0.23804205446397791
6480,0.04158014477766288
7200,0.0
7920,0.0
8640,0.0
9360,0.0
10080,0.03842261289210617