cycle,scout_effort
0,0.0
720,0.0
1440,0.0
2160,0.0
2880,0.0
3600,0.0
4320,0.5568042839348679
5040,0.5040641687081588
5760,0.0
6480,0.4502176964442287
7200,0.22732626619552415
7920,0.12367491166077739
8640,0.0
9360,0.0
10080,0.0