cycle,scout_effort
0,0.0
720,0.0
1440,0.0
2160,0.0
2880,0.0
3600,0.0
4320,0.0
5040,0.0
5760,0.20186102147546456
6480,0.6422431607560126
7200,0.0
7920,0.0
8640,0.2230861244019139
9360,0.0
10080,0.42358803986710963