cycle,scout_effort
0,0.0
720,0.0
1440,0.0
2160,0.0
2880,0.0
3600,0.0
4320,0.0
5040,0.0
5760,0.5995058295754574
6480,0.15380811078140455
7200,0.0
7920,0.0
8640,0.0
9360,0.0
10080,0.0