cycle,scout_effort
0,0.0
720,0.0
1440,0.0
2160,0.0
2880,0.0
3600,0.4855423977324119
4320,0.45269088845552247
5040,0.33757881971349807
5760,0.5314587516167223
6480,0.2620876097858869
7200,0.0
7920,0.026462395543175487
8640,0.4907591177377122
9360,0.15880749986317272
10080,0.09056237451498331