cycle,scout_effort
0,0.0
720,0.0
1440,0.0
2160,0.0
2880,0.0
3600,0.0
4320,0.3221504639164864
5040,0.4095139607032058
5760,0.5214602783210861
6480,0.0
7200,0.4386682529028987
7920,0.0
8640,0.0
9360,0.0
10080,0.0