cycle,scout_effort
0,0.0
720,0.0
1440,0.0
2160,0.0
2880,0.0
3600,0.0
4320,0.23580092927325993
5040,0.28391084046515513
5760,0.4073290451184348
6480,0.05988857938718663
7200,0.6926038375010442
7920,0.17038308757233842
8640,0.0
9360,0.5804184322186472
10080,0.0