cycle,scout_effort
0,0.0
720,0.0
1440,0.0
2160,0.0
2880,0.42612717042188897
3600,0.1821705426356589
4320,0.1298449612403101
5040,0.1298449612403101
5760,0.1298449612403101
6480,0.1298449612403101
7200,0.1298449612403101
7920,0.1298449612403101
8640,0.1298449612403101
9360,0.2719638242894057
10080,0.18835881088652226