cycle,scout_effort
0,0.0
720,0.0
1440,0.0
2160,0.0
2880,0.5486552493630921
3600,0.44233584333382253
4320,0.5416483214606923
5040,0.7293301271557969
5760,0.0
6480,0.0
7200,0.3863613271768704
7920,0.2355693787466555
8640,0.0
9360,0.19375736160188456
10080,0.21764564211984028