cycle,scout_effort
0,0.0
720,0.0
1440,0.0
2160,0.0
2880,0.0
3600,0.0
4320,0.4879796662561279
5040,0.30361757105943155
5760,0.530428167789611
6480,0.0
7200,0.0
7920,0.23957352266415513
8640,0.0
9360,0.0
10080,0.0