cycle,scout_effort
0,0.0
720,0.0
1440,0.0
2160,0.0
2880,0.0
3600,0.0
4320,0.0
5040,0.4995867427060088
5760,0.08486238532110092
6480,0.29993033662758434
7200,0.45010213358837214
7920,0.3216617666158951
8640,0.334334006352355
9360,0.20412844036697247
10080,0.11825947835122148