cycle,scout_effort
0,0.0
720,0.0
1440,0.0
2160,0.0
2880,0.0
3600,0.0
4320,0.4489783042453016
5040,0.5799690849296919
5760,0.5742947499585959
6480,0.5169382250648664
7200,0.0
7920,0.0
8640,0.0
9360,0.0
10080,0.0