cycle,scout_effort
0,0.0
720,0.0
1440,0.0
2160,0.0
2880,0.0
3600,0.0
4320,0.5870072388831438
5040,0.4415718717683557
5760,0.3698407445708376
6480,0.0
7200,0.08873491899345054
7920,0.0
8640,0.024
9360,0.006666666666666667
10080,0.0026666666666666666