cycle,scout_effort
0,0.0
720,0.0
1440,0.0
2160,0.0
2880,0.0
3600,0.031879194630872486
4320,0.608946182688975
5040,0.352112676056338
5760,0.11502347417840375
6480,0.0
7200,0.0
7920,0.0
8640,0.0
9360,0.0
10080,0.0