cycle,scout_effort
0,0.0
720,0.0
1440,0.0
2160,0.0
2880,0.0
3600,0.0
4320,0.5863696986631255
5040,0.48965873836608065
5760,0.4332988624612203
6480,0.0
7200,0.0
7920,0.0
8640,0.0
9360,0.0
10080,0.0