cycle,scout_effort
0,0.0
720,0.0
1440,0.0
2160,0.0
2880,0.0
3600,0.0
4320,0.0
5040,0.6054244223763661
5760,0.3156943959279405
6480,0.0
7200,0.3237262338440042
7920,0.28173062528070264
8640,0.4204176855132492
9360,0.0
10080,0.0