cycle,scout_effort
0,0.0
720,0.0
1440,0.0
2160,0.0
2880,0.0
3600,0.0
4320,0.39889383053940014
5040,0.4472573839662447
5760,0.3027426160337553
6480,0.25706465959630515
7200,0.0
7920,0.0
8640,0.0
9360,0.011603375527426161
10080,0.0