cycle,scout_effort
0,0.0
720,0.0
1440,0.0
2160,0.0
2880,0.0
3600,0.0
4320,0.3757395735226642
5040,0.4334625322997416
5760,0.4391798884300514
6480,0.0
7200,0.06181627182496559
7920,0.4561508367746142
8640,0.3063524837595692
9360,0.15518969306189476
10080,0.004672897196261682