cycle,scout_effort
0,0.0
720,0.0
1440,0.0
2160,0.0
2880,0.0
3600,0.567966377334091
4320,0.3266375374728138
5040,0.7134725787174011
5760,0.2677018633540373
6480,0.0
7200,0.0
7920,0.0
8640,0.0755628269686698
9360,0.2756823481003977
10080,0.4589748613750808