cycle,scout_effort
0,0.0
720,0.0
1440,0.0
2160,0.0
2880,0.24995259090693595
3600,0.39082278481012656
4320,0.5658512302659651
5040,0.34541672592803296
5760,0.35917721518987344
6480,0.49939553406343334
7200,0.0
7920,0.0
8640,0.013185654008438819
9360,0.0189873417721519
10080,0.0014044943820224719