cycle,scout_effort
0,0.0
720,0.0
1440,0.0
2160,0.0
2880,0.0
3600,0.0
4320,0.14324324324324325
5040,0.44066028053369827
5760,0.08438818565400844
6480,0.4742216900444749
7200,0.2710058159425248
7920,0.021325122590945378
8640,0.4964078002052686
9360,0.14443779222260236
10080,0.0189873417721519