cycle,scout_effort
0,0.0
720,0.0
1440,0.0
2160,0.0
2880,0.0
3600,0.1900487681224129
4320,0.6318626081295566
5040,0.43950361944157185
5760,0.35257364908268113
6480,0.0
7200,0.0
7920,0.1392757660167131
8640,0.0584958217270195
9360,0.06267409470752089
10080,0.31352602454825396