cycle,scout_effort
0,0.0
720,0.0
1440,0.0
2160,0.0
2880,0.0
3600,0.0
4320,0.2723475852388442
5040,0.684573978105163
5760,0.3508625713587457
6480,0.3494400962520601
7200,0.02643171806167401
7920,0.0
8640,0.030837004405286344
9360,0.0
10080,0.0