cycle,scout_effort
0,0.0
720,0.0
1440,0.0
2160,0.0
2880,0.0
3600,0.49678803394491067
4320,0.43055160479780025
5040,0.4563895605177073
5760,0.40709595600436166
6480,0.3327644242165647
7200,0.0
7920,0.0
8640,0.0
9360,0.0
10080,0.0