cycle,scout_effort
0,0.0
720,0.0
1440,0.0
2160,0.0
2880,0.0
3600,0.0
4320,0.0
5040,0.6961466709173132
5760,0.7552365602824318
6480,0.8468468468468469
7200,0.2471042471042471
7920,0.0
8640,0.10296010296010295
9360,0.28378378378378377
10080,0.0