cycle,scout_effort
0,0.0
720,0.0
1440,0.0
2160,0.0
2880,0.0
3600,0.45688254639232173
4320,0.5041660423189458
5040,0.2802013422818792
5760,0.3981596858019385
6480,0.3958942893871403
7200,0.0
7920,0.0
8640,0.3590722324308552
9360,0.2080536912751678
10080,0.0