cycle,scout_effort
0,0.0
720,0.0
1440,0.0
2160,0.0
2880,0.0
3600,0.0
4320,0.23734462310411678
5040,0.5358421712852093
5760,0.3080168776371308
6480,0.36550632911392406
7200,0.15453586497890295
7920,0.0
8640,0.39980328429695516
9360,0.6907115976736229
10080,0.6734861443722203