cycle,scout_effort
0,0.0
720,0.0
1440,0.0
2160,0.0
2880,0.0
3600,0.5265700053371286
4320,0.5952292000237205
5040,0.45045958607602443
5760,0.053246753246753244
6480,0.053246753246753244
7200,0.053246753246753244
7920,0.053246753246753244
8640,0.053246753246753244
9360,0.053246753246753244
10080,0.053246753246753244