cycle,scout_effort
0,0.0
720,0.0
1440,0.0
2160,0.0
2880,0.0
3600,0.0
4320,0.3754622386573745
5040,0.41947565543071164
5760,0.5194377281562603
6480,0.7243990897454131
7200,0.32391670222348645
7920,0.0
8640,0.010021097046413503
9360,0.007911392405063292
10080,0.04588607594936709