cycle,scout_effort
0,0.0
720,0.0
1440,0.0
2160,0.0
2880,0.0
3600,0.0
4320,0.052715654952076675
5040,0.34685233896672274
5760,0.6060315274124417
6480,0.0
7200,0.1134185303514377
7920,0.1134185303514377
8640,0.01597444089456869
9360,0.0
10080,0.0