cycle,scout_effort
0,0.0
720,0.0
1440,0.0
2160,0.0
2880,0.0
3600,0.0
4320,0.3189612632617814
5040,0.5930066327048954
5760,0.14705882352941177
6480,0.0
7200,0.0
7920,0.029792746113989636
8640,0.4565572342926808
9360,0.22729350807680584
10080,0.5185737507438208