cycle,scout_effort
0,0.0
720,0.0
1440,0.0
2160,0.0
2880,0.0
3600,0.0
4320,0.0
5040,0.47323463622003836
5760,0.6815878467915487
6480,0.46432963351673395
7200,0.0
7920,0.0
8640,0.0
9360,0.13004484304932734
10080,0.37668161434977576