cycle,scout_effort
0,0.0
720,0.0
1440,0.0
2160,0.0
2880,0.0
3600,0.0
4320,0.0
5040,0.0
5760,0.0
6480,0.47347874171514914
7200,0.47711784543252567
7920,0.14292779426310584
8640,0.17556874381800197
9360,0.15281899109792285
10080,0.46132113678668507