cycle,scout_effort
0,0.0
720,0.0
1440,0.0
2160,0.0
2880,0.0
3600,0.0
4320,0.19261493838437255
5040,0.4589202442190279
5760,0.775327307981988
6480,0.8350439882697946
7200,0.24018076054035864
7920,7.331378299120235E-4
8640,0.43420588753745815
9360,0.24193548387096775
10080,0.0