cycle,scout_effort
0,0.0
720,0.0
1440,0.0
2160,0.0
2880,0.0
3600,0.41358299235011564
4320,0.36560517108462315
5040,0.15064935064935064
5760,0.0
6480,0.0
7200,0.0
7920,0.4998547114985471
8640,0.19071339619284824
9360,0.0
10080,0.0