cycle,scout_effort
0,0.0
720,0.0
1440,0.0
2160,0.0
2880,0.0
3600,0.0
4320,0.0
5040,0.0
5760,0.0
6480,0.12758620689655173
7200,0.0
7920,0.3402714706322671
8640,0.5423249663156844
9360,0.5609686112081441
10080,0.3226633065522232