cycle,scout_effort
0,0.0
720,0.0
1440,0.0
2160,0.0
2880,0.0
3600,0.0
4320,0.0
5040,0.0
5760,0.3193009465161364
6480,0.15348101265822786
7200,0.0
7920,0.009624814688105828
8640,0.49532158741019505
9360,0.1390922568137758
10080,0.25682517960998974