cycle,scout_effort
0,0.0
720,0.0
1440,0.0
2160,0.0
2880,0.0
3600,0.5741208563126371
4320,0.6660084208029413
5040,0.0
5760,0.0
6480,0.0
7200,0.38547114985471154
7920,0.2915584415584416
8640,0.0
9360,0.0
10080,0.0