cycle,scout_effort
0,0.0
720,0.0
1440,0.0
2160,0.0
2880,0.0
3600,0.0
4320,0.5846561751625043
5040,0.3691983122362869
5760,0.5099298665754362
6480,0.0
7200,0.0
7920,0.2716216216216216
8640,0.4829969209716045
9360,0.4339519899646482
10080,0.5085386018930322