cycle,scout_effort
0,0.0
720,0.0
1440,0.0
2160,0.0
2880,0.0
3600,0.0
4320,0.4487730474938484
5040,0.5385065898135976
5760,0.48358445410725726
6480,0.7068080695722521
7200,0.0
7920,0.0
8640,0.0
9360,0.0
10080,0.0