cycle,scout_effort
0,0.0
720,0.0
1440,0.0
2160,0.0
2880,0.0
3600,0.0
4320,0.42082597586654874
5040,0.3985922633536222
5760,0.42918252182755157
6480,0.0
7200,0.1658879514219955
7920,0.0
8640,0.0
9360,0.0
10080,0.0