cycle,scout_effort
0,0.0
720,0.0
1440,0.0
2160,0.0
2880,0.0
3600,0.38153723343596757
4320,0.29324894514767935
5040,0.1160337552742616
5760,0.0
6480,0.0
7200,0.3675675675675676
7920,0.0
8640,0.0
9360,0.0
10080,0.0