cycle,scout_effort
0,0.0
720,0.0
1440,0.0
2160,0.0
2880,0.0
3600,0.0
4320,0.0
5040,0.27836219372224164
5760,0.0
6480,0.0
7200,0.25905733819052845
7920,0.0
8640,0.0
9360,0.0
10080,0.01206896551724138