cycle,scout_effort
0,0.0
720,0.0
1440,0.0
2160,0.0
2880,0.0
3600,0.0
4320,0.0
5040,0.0
5760,0.036203796203796205
6480,0.8379320679320679
7200,0.293036963036963
7920,0.006923076923076923
8640,0.003076923076923077
9360,0.0
10080,0.0