cycle,scout_effort
0,0.0
720,0.0
1440,0.0
2160,0.0
2880,0.0
3600,0.0
4320,0.0
5040,0.5876359338061465
5760,0.30872340425531913
6480,0.0
7200,0.5181796690307329
7920,0.0
8640,0.0
9360,0.22444444444444445
10080,0.0