cycle,scout_effort
0,0.0
720,0.0
1440,0.0
2160,0.0
2880,0.0
3600,0.37600744322761104
4320,0.40189873417721517
5040,0.3686708860759494
5760,0.0
6480,0.0
7200,0.019662921348314606
7920,0.21910112359550563
8640,0.003691983122362869
9360,0.003691983122362869
10080,0.06601123595505617