cycle,scout_effort
0,0.0
720,0.0
1440,0.0
2160,0.0
2880,0.0
3600,0.0
4320,0.0
5040,0.6090572568626509
5760,0.8108504398826979
6480,0.6994134897360704
7200,0.4063226126949025
7920,0.008064516129032258
8640,0.0
9360,0.40027322404371585
10080,0.6678885630498533