cycle,scout_effort
0,0.0
720,0.0
1440,0.0
2160,0.0
2880,0.0
3600,0.24200568625361152
4320,0.41992291583250035
5040,0.4126163391933816
5760,0.35677352637021714
6480,0.0
7200,0.0
7920,0.0
8640,0.04317548746518106
9360,0.17879004358308873
10080,0.19411037784492716