cycle,scout_effort
0,0.0
720,0.0
1440,0.0
2160,0.0
2880,0.0
3600,0.0
4320,0.46514246432465745
5040,0.46472763476034706
5760,0.02267932489451477
6480,0.4291708149623098
7200,0.6656236666192575
7920,0.5322144787370218
8640,0.28144408097473095
9360,0.0
10080,0.0