cycle,scout_effort
0,0.0
720,0.0
1440,0.0
2160,0.0
2880,0.0
3600,0.0
4320,0.12230326750874695
5040,0.6952558856668445
5760,0.17467532467532468
6480,0.11792682203641107
7200,0.0
7920,0.0
8640,0.0
9360,0.0
10080,0.0