cycle,scout_effort
0,0.0
720,0.0
1440,0.0
2160,0.0
2880,0.0
3600,0.0
4320,0.0
5040,0.0
5760,0.37047353760445684
6480,0.001392757660167131
7200,0.033851068549025934
7920,0.5553459137613674
8640,0.0594622543950362
9360,0.0
10080,0.0