cycle,scout_effort
0,0.0
720,0.0
1440,0.0
2160,0.0
2880,0.0
3600,0.0
4320,0.025336091003102378
5040,0.2309802882302616
5760,0.430799964280879
6480,0.2078593588417787
7200,0.5640697329419593
7920,0.15671332236794727
8640,0.0
9360,0.0
10080,0.0