cycle,scout_effort
0,0.0
720,0.0
1440,0.43098092845254377
2160,0.3014608444910897
2880,0.05869880948594812
3600,0.8042887129090736
4320,0.5287610384929343
5040,0.5546624049868015
5760,0.5370538222603864
6480,0.632207486562987
7200,0.6942642241516395
7920,0.775702594112097