cycle,scout_effort
0,0.0
720,0.0
1440,0.0
2160,0.0
2880,0.0
3600,0.0
4320,0.0
5040,0.0
5760,0.0
6480,0.0
7200,0.0
7920,0.6242963763381414
8640,0.11294416243654823
9360,0.15609137055837563
10080,0.630036353889196