cycle,scout_effort
0,0.0
720,0.0
1440,0.0
2160,0.0
2880,0.0
3600,0.25390010263427987
4320,0.28540312464363093
5040,0.528281446002965
5760,0.7478532329798153
6480,0.7752366290340973
7200,0.19831223628691982
7920,0.0
8640,0.02702702702702703
9360,0.12459231383282017
10080,0.12459231383282017