cycle,scout_effort
0,0.0
720,0.0
1440,0.0
2160,0.0
2880,0.0
3600,0.0
4320,0.28405791106514994
5040,0.4627755946225439
5760,0.0
6480,0.39918372974836264
7200,0.23290037917959325
7920,0.0
8640,0.08133333333333333
9360,0.0
10080,0.03866666666666667