cycle,scout_effort
0,0.0
720,0.0
1440,0.0
2160,0.0
2880,0.0
3600,0.0
4320,0.5532776614345836
5040,0.6374754070971589
5760,0.1340215985458861
6480,0.21029776496242292
7200,0.30026818146465684
7920,0.34961529930606966
8640,0.3538684672176245
9360,0.16339193381592554
10080,0.4474597655788658