cycle,scout_effort
0,0.0
720,0.0
1440,0.0
2160,0.0
2880,0.2647058823529412
3600,0.5650427110520869
4320,0.2043343653250774
5040,0.7592743101086314
5760,0.6087236119431748
6480,0.5622295211083508
7200,0.6562357298164618
7920,0.450196273937251
8640,0.18885448916408668
9360,0.0
10080,0.2808476855595169