cycle,scout_effort
0,0.0
720,0.0
1440,0.0
2160,0.0
2880,0.0
3600,0.0
4320,0.0
5040,0.6062035189551969
5760,0.0
6480,0.0
7200,0.14093959731543623
7920,0.592526360617986
8640,0.07109283196239718
9360,0.0
10080,0.0