cycle,scout_effort
0,0.0
720,0.0
1440,0.0
2160,0.0
2880,0.0
3600,0.0
4320,0.32258239251910137
5040,0.46386418063633256
5760,0.3444092827004219
6480,0.44927585813661763
7200,0.006756756756756757
7920,0.12432432432432433
8640,0.0
9360,0.08243243243243244
10080,0.0