cycle,scout_effort
0,0.0
720,0.0
1440,0.0
2160,0.0
2880,0.0
3600,0.0
4320,0.41300924514883675
5040,0.4288363013599222
5760,0.4207631239024107
6480,0.3530717986676536
7200,0.0
7920,0.0
8640,0.0
9360,0.0
10080,0.0