cycle,scout_effort
0,0.0
720,0.0
1440,0.0
2160,0.0
2880,0.0
3600,0.0
4320,0.6852851852577542
5040,0.4763975155279503
5760,0.5791994043537041
6480,0.10496894409937889
7200,0.0
7920,0.18592393753551345
8640,0.5054195975468777
9360,0.5253678703685561
10080,0.41654290024883905