cycle,scout_effort
0,0.0
720,0.0
1440,0.0
2160,0.0
2880,0.0
3600,0.0
4320,0.0
5040,0.5618836058858745
5760,0.2681924882629108
6480,0.0
7200,0.0
7920,0.0
8640,0.026845637583892617
9360,0.5879927214292466
10080,0.020134228187919462