cycle,scout_effort
0,0.0
720,0.0
1440,0.0
2160,0.0
2880,0.0
3600,0.21365638766519823
4320,0.80800659226349
5040,0.7049868092066098
5760,0.41607396870554764
6480,0.0
7200,0.0
7920,0.02643171806167401
8640,0.0
9360,0.0
10080,0.0