cycle,scout_effort
0,0.0
720,0.0
1440,0.0
2160,0.0
2880,0.0
3600,0.0
4320,0.0
5040,0.7001488798563191
5760,0.3022300469483568
6480,0.0
7200,0.5435572045246873
7920,0.21009389671361503
8640,0.0
9360,0.0
10080,0.0