cycle,scout_effort
0,0.0
720,0.0
1440,0.0
2160,0.0
2880,0.0
3600,0.29554942774120857
4320,0.3121241771926703
5040,0.583582399335824
5760,0.0
6480,0.19243017256715886
7200,0.0
7920,0.44370218822273616
8640,0.4863814267923857
9360,0.0
10080,0.0