cycle,scout_effort
0,0.0
720,0.0
1440,0.0
2160,0.0
2880,0.0
3600,0.0
4320,0.26286634736001824
5040,0.27983236400957917
5760,0.2911392405063291
6480,0.0
7200,0.0
7920,0.0
8640,0.35317310981867944
9360,0.0902440415098643
10080,0.3896595963051659