cycle,scout_effort
0,0.0
720,0.0
1440,0.0
2160,0.0
2880,0.0
3600,0.0
4320,0.0
5040,0.2299890214082539
5760,0.3423973252158291
6480,0.002170767004341534
7200,0.36374819102749634
7920,0.0
8640,0.0
9360,0.0
10080,0.0