cycle,scout_effort
0,0.0
720,0.0
1440,0.0
2160,0.0
2880,0.0
3600,0.0
4320,0.38860721592893854
5040,0.45496781276510806
5760,0.0
6480,0.0
7200,0.002170767004341534
7920,0.40069614252208197
8640,0.0
9360,0.0034482758620689655
10080,0.0