cycle,scout_effort
0,0.0
720,0.0
1440,0.0
2160,0.0
2880,0.4619466782583496
3600,0.2041343669250646
4320,0.45928421357675864
5040,0.6156753362795527
5760,0.16343669250645995
6480,0.0
7200,0.0
7920,0.3629343862445362
8640,0.0
9360,0.09099471129464609
10080,0.0