cycle,scout_effort
0,0.0
720,0.0
1440,0.0
2160,0.0
2880,0.0
3600,0.0
4320,0.4172900709485443
5040,0.456016511451723
5760,0.7452016834076042
6480,0.34006907617102544
7200,0.0
7920,0.0
8640,0.516028955532575
9360,0.0
10080,0.0