cycle,scout_effort
0,0.0
720,0.0
1440,0.0
2160,0.0
2880,0.0
3600,0.3533281183330963
4320,0.20042194092827004
5040,0.3581223628691983
5760,0.18354430379746836
6480,0.0
7200,0.0
7920,0.0
8640,0.0
9360,0.0
10080,0.0