cycle,scout_effort
0,0.0
720,0.0
1440,0.0
2160,0.0
2880,0.0
3600,0.6134673876309564
4320,0.19754984792159513
5040,0.3502872592091923
5760,0.3341078066914498
6480,0.40613382899628253
7200,0.0
7920,0.0
8640,0.16449814126394052
9360,0.0
10080,0.0