cycle,scout_effort
0,0.0
720,0.0
1440,0.0
2160,0.0
2880,0.0
3600,0.0
4320,0.0
5040,0.7323993681688559
5760,0.5257211462010623
6480,0.7429899606695713
7200,0.0
7920,0.0
8640,0.09192825112107623
9360,0.0
10080,0.08744394618834081