cycle,scout_effort
0,0.0
720,0.0
1440,0.0
2160,0.0
2880,0.0
3600,0.30166682421148816
4320,0.46602152062261715
5040,0.2511737089201878
5760,0.585877682200586
6480,0.031879194630872486
7200,0.18959731543624161
7920,0.6386867063679617
8640,0.0
9360,0.0
10080,0.0