cycle,scout_effort
0,0.0
720,0.0
1440,0.0
2160,0.0
2880,0.0
3600,0.0
4320,0.21228725612287255
5040,0.5646741386467413
5760,0.7615044772579018
6480,0.2807804068078041
7200,0.4132420091324201
7920,0.41039850560398505
8640,0.4635918875644903
9360,0.0
10080,0.0