cycle,scout_effort
0,0.0
720,0.0
1440,0.0
2160,0.0
2880,0.0
3600,0.0
4320,0.6105881268489686
5040,0.4281282316442606
5760,0.31282316442605995
6480,0.0
7200,0.0
7920,0.0
8640,0.0
9360,0.0
10080,0.18148914167528438