cycle,scout_effort
0,0.0
720,0.0
1440,0.0
2160,0.0
2880,0.0
3600,0.0
4320,0.07550335570469799
5040,0.641189993611937
5760,0.14093959731543623
6480,0.27181208053691275
7200,0.16610738255033558
7920,0.6471265546258251
8640,0.0
9360,0.0
10080,0.4860862467369616