cycle,scout_effort
0,0.0
720,0.0
1440,0.0
2160,0.0
2880,0.0
3600,0.2340164135121978
4320,0.3971404539208937
5040,0.3035160289555326
5760,0.4585715808303543
6480,0.42344729845341966
7200,0.40370960354656305
7920,0.13702171664943122
8640,0.0
9360,0.0
10080,0.0