cycle,scout_effort
0,0.0
720,0.0
1440,0.0
2160,0.0
2880,0.0
3600,0.0
4320,0.0
5040,0.34263736263736266
5760,0.5628271728271728
6480,0.0012987012987012987
7200,0.5818381618381618
7920,0.5681618381618382
8640,7.692307692307692E-4
9360,0.0
10080,0.0