cycle,scout_effort
0,0.0
720,0.0
1440,0.0
2160,0.0
2880,0.0
3600,0.0
4320,0.5376553768958833
5040,0.43143459915611815
5760,0.4530590717299578
6480,0.0
7200,0.0
7920,0.20540540540540542
8640,0.3556135249173224
9360,0.0
10080,0.7928412589804995