cycle,scout_effort
0,0.0
720,0.0
1440,0.0
2160,0.0
2880,0.0
3600,0.0
4320,0.3856256463288521
5040,0.5466763185108583
5760,0.7845501551189245
6480,0.41277628403998623
7200,0.46132781799379524
7920,0.2140641158221303
8640,0.0
9360,0.0
10080,0.0