cycle,scout_effort
0,0.0
720,0.0
1440,0.0
2160,0.0
2880,0.0
3600,0.0
4320,0.0
5040,0.3777622377622377
5760,0.8350349650349651
6480,0.8401198801198801
7200,0.19480519480519481
7920,0.552047952047952
8640,0.0038461538461538464
9360,0.06438561438561438
10080,0.0