cycle,scout_effort
0,0.0
720,0.0
1440,0.0
2160,0.0
2880,0.0
3600,0.09192825112107623
4320,0.5454022622947344
5040,0.20567375886524822
5760,0.3392434988179669
6480,0.0
7200,0.0
7920,0.0
8640,0.0
9360,0.0
10080,0.0