cycle,scout_effort
0,0.0
720,0.0
1440,0.0
2160,0.0
2880,0.0
3600,0.0
4320,0.0
5040,0.0
5760,0.6504095904095903
6480,0.5004695304695305
7200,0.0
7920,0.6542157842157842
8640,0.5748051948051948
9360,0.0
10080,0.0