cycle,scout_effort
0,0.0
720,0.0
1440,0.0
2160,0.0
2880,0.0
3600,0.0
4320,0.5054941539943628
5040,0.5759397449357824
5760,0.5154476042101778
6480,0.1419316843345112
7200,0.011182108626198083
7920,0.305111821086262
8640,0.0
9360,0.0
10080,0.21967020023557127