cycle,scout_effort
0,0.0
720,0.0
1440,0.0
2160,0.0
2880,0.0
3600,0.6282978723404256
4320,0.8078959810874704
5040,0.5332151300236407
5760,0.15439716312056737
6480,0.1486052009456265
7200,0.06945626477541371
7920,0.37777777777777777
8640,0.0
9360,0.0
10080,0.18666666666666668