cycle,scout_effort
0,0.0
720,0.0
1440,0.0
2160,0.0
2880,0.0
3600,0.0
4320,0.5478740437644547
5040,0.2909090909090909
5760,0.8077121508628358
6480,0.3512987012987013
7200,0.0
7920,0.5234715056632865
8640,0.7023720571665777
9360,0.0
10080,0.0