cycle,scout_effort
0,0.0
720,0.0
1440,0.0
2160,0.0
2880,0.0
3600,0.14317180616740088
4320,0.7450479693697871
5040,0.5257486793540584
5760,0.807636874063955
6480,0.6293951034270997
7200,0.7034578051271768
7920,0.5219105031300719
8640,0.4146013623175691
9360,0.3353062081325471
10080,0.0