cycle,scout_effort
0,0.0
720,0.0
1440,0.0
2160,0.0
2880,0.0
3600,0.0
4320,0.0
5040,0.0
5760,0.0
6480,0.34032671912418744
7200,0.17616033755274263
7920,0.42162162162162165
8640,0.32957577830995555
9360,0.0
10080,0.0