cycle,scout_effort
0,0.0
720,0.0
1440,0.0
2160,0.0
2880,0.0
3600,0.0
4320,0.016556291390728478
5040,0.5998724611045978
5760,0.3672248803827751
6480,0.752828036376311
7200,0.180622009569378
7920,0.0
8640,0.0
9360,0.0
10080,0.622168002788428