cycle,scout_effort
0,0.0
720,0.0
1440,0.0
2160,0.0
2880,0.0
3600,0.3227659574468085
4320,0.5855791962174941
5040,0.3463356973995272
5760,0.5133333333333333
6480,0.0
7200,0.0
7920,0.32222222222222224
8640,0.41782505910165485
9360,0.0
10080,5.91016548463357E-4