cycle,scout_effort
0,0.0
720,0.0
1440,0.0
2160,0.0
2880,0.0
3600,0.0
4320,0.3364289635211338
5040,0.0
5760,0.0
6480,0.0
7200,7.23589001447178E-4
7920,0.533863965267728
8640,0.4657018813314038
9360,0.772793053545586
10080,0.6005788712011577