cycle,scout_effort
0,0.0
720,0.0
1440,0.0
2160,0.0
2880,0.0
3600,0.697120046416252
4320,0.3791866028708134
5040,0.5818344751943283
5760,0.0
6480,0.68802754772767
7200,0.09629186602870814
7920,0.0
8640,0.13815789473684212
9360,0.760797342192691
10080,0.050239234449760764