cycle,scout_effort
0,0.0
720,0.0
1440,0.0
2160,0.0
2880,0.0
3600,0.0
4320,0.3687479258521784
5040,0.3069620253164557
5760,0.0
6480,0.0
7200,0.0
7920,0.0
8640,0.47969705589532075
9360,0.45866519698478164
10080,0.0490506329113924