cycle,scout_effort
0,0.0
720,0.0
1440,0.0
2160,0.0
2880,0.0
3600,0.28976508153723346
4320,0.4535921997947314
5040,0.4577032728931463
5760,0.35855855855855856
6480,0.0
7200,0.0
7920,0.0
8640,0.17241418633823696
9360,0.08175105485232068
10080,0.6923765537689588