cycle,scout_effort
0,0.0
720,0.0
1440,0.0
2160,0.0
2880,0.0
3600,0.5478061281964628
4320,0.384290864030641
5040,0.7321645826292666
5760,0.43663681423904477
6480,0.5971245916413203
7200,0.0
7920,0.15424693026923508
8640,0.6548270812211332
9360,0.32140362735158273
10080,0.0