cycle,scout_effort
0,0.0
720,0.0
1440,0.0
2160,0.0
2880,0.0
3600,0.0
4320,0.35226059979317476
5040,0.4089968976215098
5760,0.31747673216132366
6480,0.0
7200,0.0
7920,0.11662736987245778
8640,0.19733333333333333
9360,0.29153809031368494
10080,0.19608410892795589