cycle,scout_effort
0,0.0
720,0.0
1440,0.0
2160,0.0
2880,0.0
3600,0.0
4320,0.6172270376709177
5040,0.4272598870056497
5760,0.269774011299435
6480,0.0
7200,0.0
7920,0.0
8640,0.0
9360,0.0
10080,0.0