cycle,scout_effort
0,0.0
720,0.0
1440,0.0
2160,0.0
2880,0.0
3600,0.0
4320,0.3014587626275318
5040,0.6037279489370257
5760,0.41459558392387463
6480,0.7615071786366454
7200,0.17301184433164127
7920,0.6821694225260089
8640,0.0
9360,0.0
10080,0.6160560218458394