cycle,scout_effort
0,0.0
720,0.0
1440,0.0
2160,0.0
2880,0.0
3600,0.4539021351164857
4320,0.14709517923362175
5040,0.2342398022249691
5760,0.024103831891223733
6480,0.0
7200,0.25550905724256734
7920,0.437547470475226
8640,0.0
9360,0.0
10080,0.0