cycle,scout_effort
0,0.0
720,0.0
1440,0.0
2160,0.0
2880,0.0
3600,0.4168028780667596
4320,0.5049116228386457
5040,0.34019999038507764
5760,0.0
6480,0.0
7200,0.0
7920,0.0
8640,0.0
9360,0.0
10080,0.26466275659824046