cycle,scout_effort
0,0.0
720,0.0
1440,0.0
2160,0.0
2880,0.01174496644295302
3600,0.568583199420235
4320,0.28859060402684567
5040,0.0
5760,0.0
6480,0.01174496644295302
7200,0.17114093959731544
7920,0.0
8640,0.13648501748747519
9360,0.22295743138923024
10080,0.11525191416958123