cycle,scout_effort
0,0.0
720,0.0
1440,0.0
2160,0.0
2880,0.0
3600,0.0
4320,0.5627052740434333
5040,0.5240620475698035
5760,0.0
6480,0.0
7200,0.0
7920,0.152
8640,0.17744364012409514
9360,0.5885322302654257
10080,0.9324012409513961