cycle,scout_effort
0,0.0
720,0.0
1440,0.0
2160,0.0
2880,0.0
3600,0.16454309502140427
4320,0.4032258064516129
5040,0.6092543904001079
5760,0.5942039977078909
6480,0.0
7200,0.0
7920,0.0
8640,0.0
9360,0.0
10080,0.0