cycle,scout_effort
0,0.0
720,0.0
1440,0.0
2160,0.0
2880,0.0
3600,0.0
4320,0.3353956288816195
5040,0.5853659981984545
5760,0.030549234343147016
6480,0.0
7200,0.0
7920,0.0
8640,0.3980882283221922
9360,0.30063291139240506
10080,0.43206276963921675