cycle,scout_effort
0,0.0
720,0.0
1440,0.0
2160,0.0
2880,0.0
3600,0.0
4320,0.0
5040,0.0
5760,0.0
6480,0.14702607703491047
7200,0.6801077494985186
7920,0.05014124293785311
8640,0.0
9360,0.0
10080,0.0