cycle,scout_effort
0,0.0
720,0.0
1440,0.0
2160,0.10580168776371308
2880,0.4005245752081195
3600,0.2006842285323298
4320,0.048488995324438365
5040,0.0
5760,0.07208917778538032
6480,0.46157201505302775
7200,0.5961911278366975
7920,0.30945945945945946
8640,0.0
9360,0.0
10080,0.0