cycle,scout_effort
0,0.0
720,0.0
1440,0.0
2160,0.0
2880,0.0
3600,0.0
4320,0.0
5040,0.05706129573991871
5760,0.034818941504178275
6480,0.0
7200,0.0
7920,0.0
8640,0.39489216570215435
9360,0.41801885623917984
10080,0.2417723597376373