cycle,scout_effort
0,0.0
720,0.0
1440,0.0
2160,0.0
2880,0.0
3600,0.06164383561643835
4320,0.6082636541540651
5040,0.7965279013224218
5760,0.0
6480,0.3103154836031548
7200,0.0
7920,0.0
8640,0.0
9360,0.0
10080,0.0