cycle,scout_effort
0,0.0
720,0.0
1440,0.0
2160,0.0
2880,0.0
3600,0.0
4320,0.0
5040,0.39813995174077904
5760,0.3929679420889349
6480,0.34022750775594623
7200,0.2326783867631851
7920,0.4909245087900724
8640,0.4312306101344364
9360,0.33813719407100995
10080,0.0