cycle,scout_effort
0,0.0
720,0.0
1440,0.0
2160,0.0
2880,0.0
3600,0.0
4320,0.0
5040,0.0
5760,0.40258807307824884
6480,0.0
7200,0.07341744226128921
7920,0.04533333333333334
8640,0.09796070320579112
9360,0.0
10080,0.0