cycle,scout_effort
0,0.0
720,0.0
1440,0.0
2160,0.0
2880,0.2279614463939531
3600,0.4388310053492265
4320,0.16028955532574973
5040,0.0
5760,0.0
6480,0.0
7200,0.0
7920,0.005571030640668524
8640,0.4780240988843536
9360,0.8631439163711678
10080,0.5330920372285419