cycle,scout_effort
0,0.0
720,0.0
1440,0.0
2160,0.0
2880,0.0
3600,0.42253229130019604
4320,0.3393497344658324
5040,0.48505218542158784
5760,0.0
6480,0.0
7200,0.0031725888324873096
7920,0.5400897957816087
8640,0.0
9360,0.0
10080,0.0