cycle,scout_effort
0,0.0
720,0.0
1440,0.0
2160,0.0
2880,0.0
3600,0.0
4320,0.0
5040,0.0
5760,0.30072555364546466
6480,0.6018176762058853
7200,0.020144436579364277
7920,0.04703458388107999
8640,0.0
9360,0.0
10080,0.0