cycle,scout_effort
0,0.0
720,0.0
1440,0.0
2160,0.0
2880,0.0
3600,0.0
4320,0.25548238111529253
5040,0.42276485346105597
5760,0.3866033755274262
6480,0.4224683544303797
7200,0.18934599156118143
7920,0.0
8640,0.006856540084388186
9360,0.6451362755160224
10080,0.813479302086897