cycle,scout_effort
0,0.0
720,0.0
1440,0.0
2160,0.0
2880,0.0
3600,0.6892167919305356
4320,0.45793342218787214
5040,0.4993296477101554
5760,0.0
6480,0.4550725952097414
7200,0.0
7920,0.0
8640,0.0
9360,0.33120923666590435
10080,0.5126952893950267