cycle,scout_effort
0,0.0
720,0.0
1440,0.0
2160,0.0
2880,0.0
3600,0.0
4320,0.3914049006695636
5040,0.7101988186026704
5760,0.0
6480,0.0
7200,0.0
7920,0.0
8640,0.12751677852348994
9360,0.3032732907988233
10080,0.44651377376793194