cycle,scout_effort
0,0.0
720,0.0
1440,0.0
2160,0.0
2880,0.0
3600,0.0
4320,0.21002267011951503
5040,0.5388157383055886
5760,0.6473456948377229
6480,0.26880222841225626
7200,0.0
7920,0.0
8640,0.19160571851604336
9360,0.6331487845416862
10080,0.21221622742709986