cycle,scout_effort
0,0.0
720,0.0
1440,0.0
2160,0.0
2880,0.0
3600,0.0
4320,0.792028266798909
5040,0.7991097257152303
5760,0.7023661931918812
6480,0.0
7200,0.0
7920,0.2863991120871855
8640,0.11467889908256881
9360,0.10779816513761468
10080,0.05504587155963303