cycle,scout_effort
0,0.0
720,0.0
1440,0.0
2160,0.0
2880,0.37065501378354787
3600,0.21923474663908996
4320,0.44826056522628355
5040,0.42140641158221304
5760,0.3733195449844881
6480,0.34643226473629785
7200,0.8019893245917507
7920,0.7665035301437695
8640,0.0
9360,0.4110651499482937
10080,0.2954936296099991