cycle,scout_effort
0,0.0
720,0.0
1440,0.0
2160,0.0
2880,0.0
3600,0.0
4320,0.0
5040,0.0
5760,0.6977140967966656
6480,0.48933796181502603
7200,0.5321750321750321
7920,0.506945674376867
8640,0.2937757547849291
9360,0.21458975358057927
10080,0.02522935779816514