cycle,scout_effort
0,0.0
720,0.0
1440,0.0
2160,0.0
2880,0.0
3600,0.0
4320,0.0
5040,0.7169758368759086
5760,0.20837704043136607
6480,0.0
7200,0.0
7920,0.2003257328990228
8640,0.16666666666666666
9360,0.8859934853420195
10080,0.033192090395480225