cycle,scout_effort
0,0.0
720,0.0
1440,0.0
2160,0.0
2880,0.0
3600,0.0
4320,0.551013013202256
5040,0.3221830985915493
5760,0.4125586854460094
6480,0.13321596244131456
7200,0.0
7920,0.0
8640,0.0
9360,0.0
10080,0.0