cycle,scout_effort
0,0.0
720,0.0
1440,0.0
2160,0.0
2880,0.0
3600,0.6319162176639254
4320,0.42859280965434665
5040,0.7890514226297383
5760,0.4014951003560513
6480,0.0
7200,0.0
7920,0.3087248322147651
8640,0.5311032863849765
9360,0.0050335570469798654
10080,0.0