cycle,scout_effort
0,0.0
720,0.0
1440,0.0
2160,0.0
2880,0.0
3600,0.0
4320,0.4493110082027309
5040,0.4244490258865404
5760,0.3485064011379801
6480,0.14317180616740088
7200,0.36784140969163
7920,0.0
8640,0.0
9360,0.0
10080,0.0