cycle,scout_effort
0,0.0
720,0.0
1440,0.0
2160,0.0
2880,0.0
3600,0.5681738057465187
4320,0.2540983606557377
5040,0.6295891223178374
5760,0.3702185792349727
6480,0.400289248914315
7200,0.7008917840488438
7920,0.13636363636363635
8640,0.0
9360,0.0
10080,0.0