cycle,scout_effort
0,0.0
720,0.0
1440,0.0
2160,0.0
2880,0.0
3600,0.0
4320,0.0
5040,0.6227049460994415
5760,0.11776061776061776
6480,0.0
7200,0.0
7920,0.6853281853281853
8640,0.7438837920489296
9360,0.9535026507503572
10080,0.28957528957528955