cycle,scout_effort
0,0.0
720,0.0
1440,0.0
2160,0.0
2880,0.0
3600,0.38075427867064904
4320,0.45509173659507896
5040,0.0
5760,0.0
6480,0.6713720191532736
7200,0.23364978902953587
7920,0.0
8640,0.0
9360,0.0
10080,0.16824894514767932