cycle,scout_effort
0,0.0
720,0.0
1440,0.0
2160,0.0
2880,0.0
3600,0.2829182233291822
4320,0.5438148609381486
5040,0.7127616675561881
5760,0.0
6480,0.0
7200,0.0
7920,0.0
8640,0.0
9360,0.4977168949771689
10080,0.16497361086402182