cycle,scout_effort
0,0.0
720,0.0
1440,0.0
2160,0.0
2880,0.0
3600,0.0
4320,0.0
5040,0.5992962757055247
5760,0.568513018755419
6480,0.22123962633190553
7200,0.0
7920,0.0
8640,0.0
9360,0.3384401114206128
10080,0.19286452947259566