cycle,scout_effort
0,0.0
720,0.0
1440,0.0
2160,0.0
2880,0.4898108747044917
3600,0.15307328605200946
4320,0.4160756501182033
5040,0.5994562647754138
5760,0.0
6480,0.4767375886524823
7200,0.0
7920,0.0
8640,0.5574940898345154
9360,0.2649881796690307
10080,0.0