cycle,scout_effort
0,0.0
720,0.0
1440,0.0
2160,0.0
2880,0.0
3600,0.39912979821236705
4320,0.878095001948213
5040,0.231651376146789
5760,0.0
6480,0.6485276232982655
7200,0.0
7920,0.06192660550458716
8640,0.38481338481338484
9360,0.38095238095238093
10080,0.6328386053156696