cycle,scout_effort
0,0.0
720,0.0
1440,0.0
2160,0.0
2880,0.0
3600,0.6347210061291093
4320,0.6542708957381115
5040,0.686828908616363
5760,0.0
6480,0.440252705312593
7200,0.4293497614130048
7920,0.0
8640,0.0
9360,0.0
10080,0.0