cycle,scout_effort
0,0.0
720,0.0
1440,0.0
2160,0.0
2880,0.0
3600,0.0
4320,0.0
5040,0.41382381500511234
5760,0.28493572636601566
6480,0.0
7200,0.0
7920,0.15241436076832554
8640,0.5826779501887375
9360,0.3595786684843769
10080,0.617245525924878