cycle,scout_effort
0,0.0
720,0.0
1440,0.0
2160,0.0
2880,0.0
3600,0.48860474398449083
4320,0.2616033755274262
5040,0.3259493670886076
5760,0.0
6480,0.3679410423081309
7200,0.0
7920,0.0
8640,0.0
9360,0.0
10080,0.0