cycle,scout_effort
0,0.0
720,0.0
1440,0.0
2160,0.0
2880,0.0
3600,0.0
4320,0.0
5040,0.5744778198906639
5760,0.0
6480,0.0
7200,0.0
7920,0.6041260788967211
8640,0.7662557708429268
9360,0.11454311454311454
10080,0.0