cycle,scout_effort
0,0.0
720,0.0
1440,0.0
2160,0.0
2880,0.0
3600,0.0
4320,0.3352371165750766
5040,0.26761433868974044
5760,0.032138442521631644
6480,0.0
7200,0.0
7920,0.0
8640,0.32872156115190054
9360,0.012360939431396786
10080,6.180469715698393E-4