cycle,scout_effort
0,0.0
720,0.0
1440,0.0
2160,0.0
2880,0.0
3600,0.0
4320,0.0
5040,0.0
5760,0.0
6480,0.22040711597673623
7200,0.537290455011974
7920,0.38513513513513514
8640,0.6188276884479416
9360,0.10179324894514769