cycle,scout_effort
0,0.0
720,0.0
1440,0.0
2160,0.0
2880,0.0
3600,0.0
4320,0.0
5040,0.41995892301089144
5760,0.3428128231644261
6480,0.44716882757746584
7200,0.05997931747673216
7920,0.04446742502585315
8640,0.04446742502585315
9360,0.04446742502585315
10080,0.04446742502585315