cycle,scout_effort
0,0.0
720,0.0
1440,0.0
2160,0.0
2880,0.0
3600,0.5318145643904976
4320,0.34210526315789475
5040,0.3442389758179232
5760,0.18634423897581792
6480,0.0
7200,0.006607929515418502
7920,0.5834121856612002
8640,0.0
9360,0.0
10080,0.0