cycle,scout_effort
0,0.0
720,0.0
1440,0.0
2160,0.0
2880,0.02924791086350975
3600,0.5454381785552768
4320,0.1938986556359876
5040,0.3810754912099276
5760,0.4265770423991727
6480,0.39865563598759046
7200,0.3376623563673654
7920,0.1794208893485005
8640,0.0
9360,0.0
10080,0.0