cycle,scout_effort
0,0.0
720,0.0
1440,0.0
2160,0.0
2880,0.42900558786634735
3600,0.274789029535865
4320,0.49604002736914127
5040,0.20464135021097046
5760,0.0
6480,0.0
7200,0.0
7920,0.0
8640,0.0
9360,0.39899076291481356
10080,0.38396624472573837