cycle,scout_effort
0,0.0
720,0.0
1440,0.0
2160,0.0
2880,0.0
3600,0.17857820129900914
4320,0.5643341392879154
5040,0.459915611814346
5760,0.6091001754136443
6480,0.4854335561560707
7200,0.4143258426966292
7920,0.07443820224719101
8640,0.6064097093822596
9360,0.47853553311525154
10080,0.049512871568766895