cycle,scout_effort
0,0.0
720,0.0
1440,0.0
2160,0.0
2880,0.0
3600,0.0
4320,0.018957345971563982
5040,0.7048589452564836
5760,0.6569286270071444
6480,0.5825686303510453
7200,0.6133646716868051
7920,0.6231391512922247
8640,0.5468113975576662
9360,0.0
10080,0.0