cycle,scout_effort
0,0.0
720,0.0
1440,0.0
2160,0.0
2880,0.0
3600,0.0
4320,0.0
5040,0.0
5760,0.7580880356109714
6480,0.3301158301158301
7200,0.0
7920,0.0
8640,0.28049248462092496
9360,0.522026613769733
10080,0.5315315315315315