cycle,scout_effort
0,0.0
720,0.0
1440,0.0
2160,0.0
2880,0.0
3600,0.5341843971631206
4320,0.4296690307328605
5040,0.5877304964539007
5760,0.10210401891252954
6480,0.13822695035460994
7200,0.11588652482269504
7920,0.10151300236406618
8640,0.5466666666666666
9360,0.5732860520094563
10080,0.45654846335697397