cycle,scout_effort
0,0.0
720,0.0
1440,0.0
2160,0.0
2880,0.0
3600,0.2617633812165174
4320,0.6547788365808562
5040,0.3829113924050633
5760,0.3032700421940928
6480,0.0
7200,0.0
7920,0.0
8640,0.0
9360,0.0
10080,0.0