cycle,scout_effort
0,0.0
720,0.0
1440,0.0
2160,0.0
2880,0.0
3600,0.0
4320,0.5699063005626797
5040,0.3417312661498708
5760,0.4321705426356589
6480,0.4082687338501292
7200,0.0
7920,0.0
8640,0.0
9360,0.0
10080,0.0