cycle,scout_effort
0,0.0
720,0.0
1440,0.0
2160,0.0
2880,0.0
3600,0.0
4320,0.0
5040,0.6981336394031639
5760,0.47127102150805933
6480,0.36212884874494733
7200,0.3904087030290933
7920,0.6490468586256799
8640,0.7448275862068965
9360,0.2427790807924547
10080,0.21852387843704776