cycle,scout_effort
0,0.0
720,0.0
1440,0.0
2160,0.0
2880,0.0
3600,0.0
4320,0.0
5040,0.2231543624161074
5760,0.6190328788081925
6480,0.0
7200,0.1321382660746536
7920,0.030201342281879196
8640,0.0
9360,0.0
10080,0.0