cycle,scout_effort
0,0.0
720,0.0
1440,0.0
2160,0.0
2880,0.0
3600,0.0
4320,0.06600979971367092
5040,0.05845405340008584
5760,0.37301708468600303
6480,0.6088108125235847
7200,0.09927611168562564
7920,0.0
8640,0.0
9360,0.0
10080,0.0