cycle,scout_effort
0,0.0
720,0.0
1440,0.0
2160,0.0
2880,0.0
3600,0.0
4320,0.5338449041396226
5040,0.5886619768294703
5760,0.0
6480,0.0
7200,0.0
7920,0.0
8640,0.0
9360,0.14849289032247887
10080,0.42065000512622336