cycle,scout_effort
0,0.0
720,0.0
1440,0.0
2160,0.0
2880,0.0
3600,0.0
4320,0.07550335570469799
5040,0.564627875614161
5760,0.5154555635296809
6480,0.4283807443276367
7200,0.6009156223629524
7920,0.0
8640,0.0
9360,0.02348993288590604
10080,0.5382850022476517