cycle,scout_effort
0,0.0
720,0.0
1440,0.0
2160,0.0
2880,0.0
3600,0.0
4320,0.20698286753332626
5040,0.7645555122619343
5760,0.40025740025740025
6480,0.8320935614513596
7200,0.6882918304936654
7920,0.23037323037323038
8640,0.0
9360,0.1306512934953302
10080,0.497803832666218