cycle,scout_effort
0,0.0
720,0.0
1440,0.0
2160,0.0
2880,0.0
3600,0.0
4320,0.0
5040,0.0
5760,0.44522929797870026
6480,0.3426791277258567
7200,0.2507788161993769
7920,0.8586901398246758
8640,0.7549566519355695
9360,0.7284708638218744
10080,0.9738221159651284