cycle,scout_effort
0,0.0
720,0.0
1440,0.0
2160,0.0
2880,0.0
3600,0.37995495495495496
4320,0.3327146767020185
5040,0.4765281103888699
5760,0.16327118257498002
6480,0.0
7200,0.0
7920,0.10270270270270271
8640,0.044432090318166265
9360,0.014767932489451477
10080,0.4727791082221462