cycle,scout_effort
0,0.0
720,0.0
1440,0.0
2160,0.0
2880,0.0
3600,0.0
4320,0.5361030134034666
5040,0.3199760765550239
5760,0.0
6480,0.0
7200,0.0
7920,0.0
8640,0.4396645964701036
9360,0.28992521943027344
10080,0.0