cycle,scout_effort
0,0.0
720,0.0
1440,0.0
2160,0.0
2880,0.0
3600,0.270250313604744
4320,0.22151898734177214
5040,0.35443037974683544
5760,0.0
6480,0.0
7200,0.0
7920,0.0
8640,0.24054054054054055
9360,0.3338179952104003
10080,0.0