cycle,scout_effort
0,0.0
720,0.0
1440,0.0
2160,0.0
2880,0.0
3600,0.0
4320,0.0
5040,0.0
5760,0.7125069105895361
6480,0.0
7200,0.0932741116751269
7920,0.025380710659898477
8640,0.44615813104153057
9360,0.0
10080,0.0