cycle,scout_effort
0,0.0
720,0.0
1440,0.0
2160,0.0
2880,0.0
3600,0.0
4320,0.0
5040,0.2236665101554646
5760,0.4666515916613136
6480,0.4461347014140739
7200,0.35257364908268113
7920,0.0
8640,0.10942725541764006
9360,0.22494260455764462
10080,0.3037709597785414