cycle,scout_effort
0,0.0
720,0.0
1440,0.0
2160,0.0
2880,0.0
3600,0.565572148916984
4320,0.4025423728813559
5040,0.7309552071256372
5760,0.0
6480,0.09832486795855647
7200,0.0
7920,0.0
8640,0.0
9360,0.0
10080,0.0