cycle,scout_effort
0,0.0
720,0.0
1440,0.0
2160,0.0
2880,0.0
3600,0.19975630341664913
4320,0.5398498644689805
5040,0.5464723047186687
5760,0.008273009307135471
6480,0.0
7200,0.3138198431239252
7920,0.19243388361903827
8640,0.0
9360,0.5377830524293323
10080,0.5154427586683681