cycle,scout_effort
0,0.0
720,0.0
1440,0.0
2160,0.0
2880,0.24148862317191555
3600,0.3173110991407247
4320,0.3953631395955098
5040,0.4415084991343874
5760,0.5713748692939424
6480,0.3453347659389376
7200,0.0
7920,0.0
8640,0.0
9360,0.0
10080,0.0036194415718717684