cycle,scout_effort
0,0.0
720,0.0
1440,0.0
2160,0.0
2880,0.0
3600,0.0
4320,0.0
5040,0.0
5760,0.09813084112149532
6480,0.2803074210920331
7200,0.0
7920,0.26331836074283366
8640,0.41753604288922697
9360,0.06230529595015576
10080,0.0