cycle,scout_effort
0,0.0
720,0.0
1440,0.0
2160,0.0
2880,0.0
3600,0.0
4320,0.0
5040,0.034403669724770644
5760,0.7470009327807493
6480,0.0
7200,0.0
7920,0.009174311926605505
8640,0.45625671543102736
9360,0.57641127365898
10080,0.5463645165480028