cycle,scout_effort
0,0.0
720,0.0
1440,0.0
2160,0.0
2880,0.0
3600,0.0
4320,0.30727611168562563
5040,0.48655635987590484
5760,0.1297828335056877
6480,0.0
7200,0.0
7920,0.0
8640,0.19286452947259566
9360,0.0
10080,0.0