cycle,scout_effort
0,0.0
720,0.0
1440,0.0
2160,0.0
2880,0.0
3600,0.0
4320,0.4871663919890213
5040,0.8416415488059356
5760,0.16299559471365638
6480,0.3071292948408645
7200,0.7773293813173248
7920,0.0
8640,0.0
9360,0.0
10080,0.0