cycle,scout_effort
0,0.0
720,0.0
1440,0.0
2160,0.0
2880,0.0
3600,0.0
4320,0.36085106382978727
5040,0.2980141843971631
5760,0.0
6480,0.0
7200,0.0
7920,0.17777777777777778
8640,0.0
9360,0.4717021276595745
10080,0.4166666666666667