cycle,scout_effort
0,0.0
720,0.0
1440,0.0
2160,0.0
2880,0.0
3600,0.0
4320,0.23075077559462254
5040,0.305192692175112
5760,0.4585439503619442
6480,0.3564164081351258
7200,0.3324715615305067
7920,0.0
8640,0.0
9360,0.0
10080,0.0