cycle,scout_effort
0,0.0
720,0.0
1440,0.0
2160,0.0
2880,0.4466410657564121
3600,0.38782415967382544
4320,0.31694163940643816
5040,0.5092210686009576
5760,0.7154387711563077
6480,0.4250284454558384
7200,0.07303370786516854
7920,0.0
8640,0.00949367088607595
9360,0.00949367088607595
10080,0.5795761627080074