cycle,scout_effort
0,0.0
720,0.0
1440,0.0
2160,0.0
2880,0.0
3600,0.2135601858436448
4320,0.3733643862892903
5040,0.37236286919831224
5760,0.3188913383586972
6480,0.0
7200,0.0
7920,0.0
8640,0.007022471910112359
9360,0.0
10080,0.0