cycle,scout_effort
0,0.0
720,0.0
1440,0.0
2160,0.0
2880,0.0
3600,0.0
4320,0.40229524157936125
5040,0.4126163391933816
5760,0.42966357773085645
6480,0.2465757173350079
7200,0.0
7920,0.0
8640,0.4172699069286453
9360,0.8055900424308591
10080,0.18758011597192017