cycle,scout_effort
0,0.0
720,0.0
1440,0.0
2160,0.0
2880,0.0
3600,0.0
4320,0.4174299243751801
5040,0.3431719588463905
5760,0.0
6480,0.0
7200,0.0
7920,0.0
8640,0.0
9360,0.17655786350148367
10080,0.4724604157418008