cycle,scout_effort
0,0.0
720,0.0
1440,0.0
2160,0.0
2880,0.0
3600,0.5213570698480879
4320,0.2604871447902571
5040,0.3193504736129905
5760,0.6423446015567778
6480,0.3767033721907032
7200,0.0
7920,0.3184628372087249
8640,0.30470136931881664
9360,0.0
10080,0.0