cycle,scout_effort
0,0.0
720,0.0
1440,0.0
2160,0.0
2880,0.0
3600,0.0
4320,0.0
5040,0.3772771574903006
5760,0.23606987359682693
6480,0.0
7200,0.5608759788813752
7920,0.0
8640,0.0
9360,0.38213534434422003
10080,0.0