cycle,scout_effort
0,0.0
720,0.0
1440,0.0
2160,0.0
2880,0.0
3600,0.0
4320,0.08246115212188627
5040,0.780791788856305
5760,0.7638327097448343
6480,0.45545977011494254
7200,0.0
7920,0.0
8640,0.0
9360,0.0
10080,0.0