cycle,scout_effort
0,0.0
720,0.0
1440,0.0
2160,0.0
2880,0.0
3600,0.0
4320,0.5555739400206825
5040,0.3945191313340228
5760,0.39205928990003447
6480,0.41985522233712513
7200,0.11737331954498449
7920,0.0
8640,0.0
9360,0.0
10080,0.42228610823853846