cycle,scout_effort
0,0.0
720,0.0
1440,0.0
2160,0.0
2880,0.0
3600,0.0
4320,0.0
5040,0.0
5760,0.0
6480,0.0
7200,0.0
7920,0.0
8640,0.14261744966442952
9360,0.4895941645398116
10080,0.028523489932885907