cycle,scout_effort
0,0.0
720,0.0
1440,0.0
2160,0.0
2880,0.2633937735203558
3600,0.22550746949481126
4320,0.08544303797468354
5040,0.1938618998745581
5760,0.27255958490135707
6480,0.024261603375527425
7200,0.06487341772151899
7920,0.07436708860759493
8640,0.29852320675105487
9360,0.30116033755274263
10080,0.29430379746835444