cycle,scout_effort
0,0.0
720,0.0
1440,0.0
2160,0.0
2880,0.0
3600,0.0
4320,0.2183118057998693
5040,0.5272151580640297
5760,0.4302030456852792
6480,0.12246192893401016
7200,0.5543130455177497
7920,0.4890687038246972
8640,0.4850082089427217
9360,0.2448547519726592
10080,0.0025380710659898475