cycle,scout_effort
0,0.0
720,0.0
1440,0.0
2160,0.0
2880,0.0
3600,0.0
4320,0.5491411567810158
5040,0.4451913133402275
5760,0.1825232678386763
6480,0.027855153203342618
7200,0.02924791086350975
7920,0.2646239554317549
8640,0.6217417104273908
9360,0.41094128525462836
10080,0.019498607242339833