cycle,scout_effort
0,0.0
720,0.0
1440,0.0
2160,0.0
2880,0.0
3600,0.1216452111893027
4320,0.5915403294800852
5040,0.44916218497319627
5760,0.22744438331225714
6480,0.0
7200,0.0
7920,0.0
8640,0.32602195573709575
9360,0.2562674094707521
10080,0.03899721448467967