cycle,scout_effort
0,0.0
720,0.0
1440,0.0
2160,0.0
2880,0.0
3600,0.0
4320,0.0
5040,0.47884115884115885
5760,0.0
6480,0.0
7200,0.0
7920,0.0
8640,0.16846153846153847
9360,0.8981918081918081
10080,0.0