cycle,scout_effort
0,0.0
720,0.0
1440,0.0
2160,0.0
2880,0.0
3600,0.0
4320,0.0
5040,0.0
5760,0.14116650073484097
6480,0.6138766415398473
7200,0.3121592471436021
7920,0.0
8640,0.0
9360,0.04775873512539705
10080,0.4128146778552126