cycle,scout_effort
0,0.0
720,0.0
1440,0.0
2160,0.0
2880,0.0
3600,0.0
4320,0.0
5040,0.0
5760,0.6556489418482769
6480,0.4338004076986888
7200,0.0
7920,0.0
8640,0.0
9360,0.408692213212267
10080,0.8024654838688934