cycle,scout_effort
0,0.0
720,0.0
1440,0.0
2160,0.0
2880,0.0
3600,0.0
4320,0.4617060098072756
5040,0.27742616033755274
5760,0.349087695290227
6480,0.06510149389896225
7200,0.2253848785494355
7920,0.0
8640,0.2289029535864979
9360,0.3391350210970464
10080,0.0