cycle,scout_effort
0,0.0
720,0.0
1440,0.0
2160,0.0
2880,0.0
3600,0.1476510067114094
4320,0.7603546333932003
5040,0.6541182216340549
5760,0.0
6480,0.0
7200,0.5063214859627564
7920,0.0
8640,0.0
9360,0.0
10080,0.0