cycle,scout_effort
0,0.0
720,0.0
1440,0.0
2160,0.0
2880,0.0
3600,0.0
4320,0.01584507042253521
5040,0.01584507042253521
5760,0.01056338028169014
6480,0.6651266660364874
7200,0.6774663641806093
7920,0.42133393200365504
8640,0.7840021111006081
9360,0.17194835680751175
10080,0.004694835680751174