cycle,scout_effort
0,0.0
720,0.0
1440,0.0
2160,0.0
2880,0.0
3600,0.0
4320,0.34011875977812545
5040,0.4008438818565401
5760,0.4867373062153321
6480,0.0
7200,0.5526952069406912
7920,0.25157042620774667
8640,0.0
9360,0.0
10080,0.0