cycle,scout_effort
0,0.0
720,0.0
1440,0.0
2160,0.0
2880,0.20512136727824398
3600,0.2655679609349073
4320,0.2869198312236287
5040,0.44462025316455694
5760,0.6830583605935618
6480,0.0
7200,0.0
7920,0.01544943820224719
8640,0.33803275968330726
9360,0.0
10080,0.09592044754183852