cycle,scout_effort
0,0.0
720,0.0
1440,0.0
2160,0.0
2880,0.0
3600,0.0
4320,0.05602716957652677
5040,0.5139808672256901
5760,0.3841144970661351
6480,0.0
7200,0.0
7920,0.0
8640,0.0
9360,0.002068252326783868
10080,0.2440076853721558