cycle,scout_effort
0,0.0
720,0.0
1440,0.0
2160,0.0
2880,0.0
3600,0.0
4320,0.08945686900958466
5040,0.6090420227518185
5760,0.13718262793664412
6480,0.37111693140210056
7200,0.3386336866902238
7920,0.5987141421781687
8640,0.22438162544169613
9360,0.0
10080,0.0