cycle,scout_effort
0,0.0
720,0.0
1440,0.0
2160,0.0
2880,0.0
3600,0.0
4320,0.02231783055990139
5040,0.5516403546200161
5760,0.4825178969326317
6480,0.0
7200,0.0
7920,0.0
8640,0.0
9360,0.0
10080,0.0