cycle,scout_effort
0,0.0
720,0.0
1440,0.0
2160,0.0
2880,0.0
3600,0.3981019043620481
4320,0.5926050093682832
5040,0.4167852062588905
5760,0.3755334281650071
6480,0.0
7200,0.0
7920,0.0
8640,0.0
9360,0.0
10080,0.34637268847795166