cycle,scout_effort
0,0.0
720,0.0
1440,0.0
2160,0.0
2880,0.0
3600,0.0
4320,0.3356609144280377
5040,0.6296447844393049
5760,0.5624948111249481
6480,0.42182589100397316
7200,0.0
7920,0.0
8640,0.0
9360,0.4230890114451758
10080,0.0