cycle,scout_effort
0,0.0
720,0.0
1440,0.0
2160,0.0
2880,0.0
3600,0.0
4320,0.0
5040,0.00273224043715847
5760,0.7853909267182668
6480,0.3486691344967389
7200,0.0
7920,0.09786388474913066
8640,0.10003124849766838
9360,0.001366120218579235
10080,0.0