cycle,scout_effort
0,0.0
720,0.0
1440,0.0
2160,0.0
2880,0.0
3600,0.0
4320,0.031879194630872486
5040,0.7206898319387377
5760,0.4788070095190025
6480,0.643139930125632
7200,0.0
7920,0.6956738617812444
8640,0.0681551116333725
9360,0.0
10080,0.0