cycle,scout_effort
0,0.0
720,0.0
1440,0.0
2160,0.0
2880,0.0
3600,0.0
4320,0.4772100838554421
5040,0.5971864431935036
5760,0.0
6480,0.002955082742316785
7200,0.01569506726457399
7920,0.18834080717488788
8640,0.0
9360,0.0
10080,0.0