cycle,scout_effort
0,0.0
720,0.0
1440,0.0
2160,0.0
2880,0.0
3600,0.0
4320,0.3888558161685915
5040,0.581936446068141
5760,0.25889046941678523
6480,0.0
7200,0.0
7920,0.4925179062670368
8640,0.5490064606688766
9360,0.0
10080,0.0