cycle,scout_effort
0,0.0
720,0.0
1440,0.0
2160,0.0
2880,0.4013815925542916
3600,0.32617993795243017
4320,0.3757132023440193
5040,0.3587549120992761
5760,0.0
6480,0.0
7200,0.0
7920,0.0
8640,0.0
9360,0.0025853154084798345
10080,0.025007928300586006