cycle,scout_effort
0,0.0
720,0.0
1440,0.0
2160,0.0
2880,0.0
3600,0.0
4320,0.45751294333337633
5040,0.49767116832143365
5760,0.3490907388997198
6480,0.2993283023252811
7200,0.0
7920,0.18493150684931506
8640,0.0
9360,0.0
10080,0.0