cycle,scout_effort
0,0.0
720,0.0
1440,0.0
2160,0.0
2880,0.0
3600,0.2604601196160225
4320,0.615540868807693
5040,0.5623963411569584
5760,0.0
6480,0.0
7200,0.4865431974669548
7920,0.0
8640,0.0
9360,0.0
10080,0.0