cycle,scout_effort
0,0.0
720,0.0
1440,0.0
2160,0.0
2880,0.0
3600,0.3282454369180969
4320,0.49050927038764164
5040,0.0
5760,0.3026857683124209
6480,0.18475073313782991
7200,0.40220021473326606
7920,0.316391038892361
8640,0.0
9360,0.0
10080,0.14005736903674504