cycle,scout_effort
0,0.0
720,0.0
1440,0.0
2160,0.0
2880,0.0
3600,0.21308724832214765
4320,0.7210432618079843
5040,0.50137851718814
5760,0.496148029114283
6480,0.0
7200,0.015100671140939598
7920,0.0
8640,0.0
9360,0.36312112045877054
10080,0.2968971547405237