cycle,scout_effort
0,0.0
720,0.0
1440,0.0
2160,0.0
2880,0.0
3600,0.0
4320,0.0
5040,0.34999649524521603
5760,0.5118850128897092
6480,0.3182142106123975
7200,0.3064323932802168
7920,0.2314540059347181
8640,0.0
9360,0.0
10080,0.0