cycle,scout_effort
0,0.0
720,0.0
1440,0.0
2160,0.0
2880,0.0
3600,0.0
4320,0.19943944024680763
5040,0.5543780408062151
5760,0.5008195233801811
6480,0.3687999239528392
7200,0.2672582406028466
7920,0.0
8640,0.0
9360,0.0
10080,0.3713233070144864