cycle,scout_effort
0,0.0
720,0.0
1440,0.0
2160,0.0
2880,0.0
3600,0.0
4320,0.28917890382626676
5040,0.3917159600137884
5760,0.6168328162702517
6480,0.0
7200,0.0
7920,0.0015511892450879006
8640,0.0
9360,0.3458862461220269
10080,0.1883736642537056