cycle,scout_effort
0,0.0
720,0.0
1440,0.0
2160,0.0
2880,0.0
3600,0.0
4320,0.0
5040,0.0
5760,0.6613976361682784
6480,0.34849692418499756
7200,0.0
7920,0.009174311926605505
8640,0.5752895752895753
9360,0.6361741820457417
10080,0.2944192554284297