cycle,scout_effort
0,0.0
720,0.0
1440,0.0
2160,0.0
2880,0.0
3600,0.0
4320,0.4771133841749541
5040,0.4900728712371549
5760,0.0
6480,0.0
7200,0.0
7920,0.47124583001443227
8640,0.16226074338125696
9360,0.16226074338125696
10080,0.17493237328370095