cycle,scout_effort
0,0.0
720,0.0
1440,0.0
2160,0.0
2880,0.0
3600,0.08041610426554041
4320,0.6000130622197065
5040,0.7683923310256746
5760,0.44337527757216877
6480,0.0
7200,0.0
7920,0.0
8640,0.0
9360,0.0
10080,0.5354276425596145