cycle,scout_effort
0,0.0
720,0.0
1440,0.0
2160,0.0
2880,0.0
3600,0.25393700787401574
4320,0.6170296034954088
5040,0.674832745313364
5760,0.6879327398615233
6480,0.36419269920636776
7200,0.34844466771030475
7920,0.3095496779519771
8640,0.23818897637795275
9360,0.0
10080,0.0