cycle,scout_effort
0,0.0
720,0.0
1440,0.0
2160,0.0
2880,0.0
3600,0.0
4320,0.20334514415908597
5040,0.6840897287698313
5760,0.5091512958402439
6480,0.7251972659194854
7200,0.1772000804141328
7920,0.0
8640,0.10319604295454926
9360,0.7734394632356636
10080,0.0