cycle,scout_effort
0,0.0
720,0.0
1440,0.0
2160,0.0
2880,0.0
3600,0.0
4320,0.0
5040,0.4168216314017189
5760,0.5345382888542661
6480,0.13007614213197968
7200,0.03299492385786802
7920,0.34589804158080784
8640,0.5324797708197215
9360,0.15016501650165018
10080,0.4676123703740932