cycle,scout_effort
0,0.0
720,0.0
1440,0.0
2160,0.0
2880,0.0
3600,0.3589400668696043
4320,0.2386147013324018
5040,0.09696092619392185
5760,0.41606367583212733
6480,0.6941139777434004
7200,0.0
7920,0.39182593941813465
8640,0.29244223763660865
9360,0.013962772593442786
10080,0.0