cycle,scout_effort
0,0.0
720,0.0
1440,0.0
2160,0.0
2880,0.0
3600,0.10543130990415335
4320,0.4885111971611029
5040,0.6537497601011526
5760,0.0
6480,0.0
7200,0.0
7920,0.0
8640,0.08306709265175719
9360,0.03194888178913738
10080,0.10063897763578275