cycle,scout_effort
0,0.0
720,0.0
1440,0.0
2160,0.0
2880,0.0
3600,0.2617633812165174
4320,0.5174939553406344
5040,0.3542407433745792
5760,0.16471104157777464
6480,0.030063291139240507
7200,0.5194673588394254
7920,0.0
8640,0.0
9360,0.0
10080,0.0