cycle,scout_effort
0,0.0
720,0.0
1440,0.0
2160,0.0
2880,0.13761467889908258
3600,0.6980624136587439
4320,0.4064415004781977
5040,0.3950562620287391
5760,0.33111650313485175
6480,0.41111130790029876
7200,0.802955970387163
7920,0.3285425005608492
8640,0.0
9360,0.0
10080,0.0