cycle,scout_effort
0,0.0
720,0.0
1440,0.0
2160,0.0
2880,0.0
3600,0.0
4320,0.0
5040,0.0
5760,0.0
6480,0.485898709950496
7200,0.0
7920,0.7690954010931375
8640,0.6296329523914683
9360,0.0732899022801303
10080,0.10749185667752444