cycle,scout_effort
0,0.0
720,0.0
1440,0.0
2160,0.0
2880,0.0
3600,0.0
4320,0.0
5040,0.275094539255834
5760,0.3622783470815291
6480,0.16876971608832808
7200,0.4189705507768874
7920,0.4965769931618238
8640,0.0
9360,0.0