cycle,scout_effort
0,0.0
720,0.0
1440,0.0
2160,0.0
2880,0.0
3600,0.0
4320,0.0
5040,0.16358637257923742
5760,0.234766803109868
6480,0.005571030640668524
7200,0.3774373259052925
7920,0.43800139995909587
8640,0.22595656670113753
9360,0.18523676880222842
10080,0.4399774739091985