cycle,scout_effort
0,0.0
720,0.0
1440,0.0
2160,0.0
2880,0.0
3600,0.0
4320,0.295039343140609
5040,0.14332592085756643
5760,0.09324894514767933
6480,0.0
7200,0.0
7920,0.0
8640,0.0
9360,0.0
10080,0.6626297183259209