cycle,scout_effort
0,0.0
720,0.0
1440,0.0
2160,0.41817896819954153
2880,0.4591414072143739
3600,0.31919587750063677
4320,0.5147481239101044
5040,0.6306091658992495
5760,0.04574132492113565
6480,0.47679330681662324
7200,0.39627329192546584
7920,0.20411858063757668
8640,0.5695652173913044
9360,0.1007994200286067
10080,0.0