cycle,scout_effort
0,0.0
720,0.0
1440,0.0
2160,0.0
2880,0.0
3600,0.34408997605200137
4320,0.2795358649789029
5040,0.44462025316455694
5760,0.34968354430379744
6480,0.0
7200,0.0
7920,0.0
8640,0.1815771467670202
9360,0.0
10080,0.0