cycle,scout_effort
0,0.0
720,0.0
1440,0.0
2160,0.0
2880,0.0
3600,0.0
4320,0.0
5040,0.0
5760,0.4652839548409169
6480,0.1809071729957806
7200,0.46406659824381347
7920,0.31968582506557186
8640,0.0
9360,0.0
10080,0.3403438248374957