cycle,scout_effort
0,0.0
720,0.0
1440,0.0
2160,0.0
2880,0.0
3600,0.0
4320,0.02321981424148607
5040,0.6662337607929718
5760,0.0
6480,0.0
7200,0.4575067973204523
7920,0.0
8640,0.0
9360,0.05263157894736842
10080,0.1393188854489164