cycle,scout_effort
0,0.0
720,0.0
1440,0.0
2160,0.0
2880,0.0
3600,0.0
4320,0.0
5040,0.36053360910031024
5760,0.2591892450879007
6480,0.0
7200,0.0026666666666666666
7920,0.0
8640,0.001034126163391934
9360,0.0
10080,0.0