cycle,scout_effort
0,0.0
720,0.0
1440,0.0
2160,0.0
2880,0.0
3600,0.0
4320,0.0
5040,0.0
5760,0.22808592038291703
6480,0.4002932551319648
7200,0.0
7920,0.022988505747126436
8640,0.14755030842350084
9360,0.662293120302019
10080,0.619602588734958