cycle,scout_effort
0,0.0
720,0.0
1440,0.0
2160,0.0
2880,0.0
3600,0.0
4320,0.0
5040,0.5894026054510477
5760,0.40449369294927245
6480,0.3708765315739868
7200,0.09283694627709708
7920,0.0
8640,0.0
9360,0.0
10080,0.10445205479452055