cycle,scout_effort
0,0.0
720,0.0
1440,0.0
2160,0.0
2880,0.0
3600,0.0
4320,0.33512373132626294
5040,0.4819762800775459
5760,0.0
6480,0.0
7200,0.16216216216216217
7920,0.4578486714562664
8640,0.038271182574980044
9360,0.0
10080,0.0