cycle,scout_effort
0,0.0
720,0.0
1440,0.0
2160,0.0
2880,0.0
3600,0.0
4320,0.530987404840124
5040,0.19375736160188456
5760,0.1254416961130742
6480,0.0
7200,0.0
7920,0.0
8640,0.0
9360,0.08306709265175719
10080,0.6524966414161371