cycle,scout_effort
0,0.0
720,0.0
1440,0.0
2160,0.0
2880,0.0
3600,0.0
4320,0.0
5040,0.6252960625665644
5760,0.07894736842105263
6480,0.0
7200,0.18737581268181022
7920,0.0
8640,0.09808612440191387
9360,0.06937799043062201
10080,0.07775119617224881