cycle,scout_effort
0,0.0
720,0.0
1440,0.0
2160,0.0
2880,0.0
3600,0.0
4320,0.2975362513093164
5040,0.5228032029229401
5760,0.0
6480,0.0
7200,0.0
7920,0.0713633272273271
8640,0.5760197775030902
9360,0.7509270704573547
10080,0.10133984640664015