cycle,scout_effort
0,0.0
720,0.0
1440,0.0
2160,0.0
2880,0.0
3600,0.0
4320,0.0
5040,0.6542163540772398
5760,0.25889046941678523
6480,0.0
7200,0.0
7920,0.0
8640,0.11024182076813656
9360,0.8687876376260333
10080,0.7954612391199454