cycle,scout_effort
0,0.0
720,0.0
1440,0.0
2160,0.0
2880,0.0
3600,0.0
4320,0.4705892661043482
5040,0.44788819053404677
5760,0.3294878385008996
6480,0.0
7200,0.0
7920,0.0
8640,0.0
9360,0.3917420188945224
10080,0.4291922708474497