cycle,scout_effort
0,0.0
720,0.0
1440,0.0
2160,0.0
2880,0.0
3600,0.3235294117647059
4320,0.6967640984176592
5040,0.6368513219688559
5760,0.7348772711848075
6480,0.0
7200,0.0
7920,0.7423909810345333
8640,0.0
9360,0.0
10080,0.0