cycle,scout_effort
0,0.0
720,0.0
1440,0.0
2160,0.0
2880,0.0
3600,0.6613448674320728
4320,0.0
5040,0.0
5760,0.001182033096926714
6480,5.91016548463357E-4
7200,0.008274231678486997
7920,0.01004728132387707
8640,0.0076832151300236405
9360,0.6898276245905288
10080,0.8492616268591844