cycle,scout_effort
0,0.0
720,0.0
1440,0.0
2160,0.0
2880,0.2591743642376554
3600,0.4159083133766678
4320,0.4630801687763713
5040,0.41350210970464135
5760,0.15031645569620253
6480,0.0
7200,0.0
7920,0.0
8640,0.0
9360,0.0
10080,0.0