cycle,scout_effort
0,0.0
720,0.0
1440,0.0
2160,0.0
2880,0.0
3600,0.0
4320,0.0
5040,0.5798167585838818
5760,0.12987012987012986
6480,0.0
7200,0.0
7920,0.21591057344482
8640,0.12467532467532468
9360,0.4392367906066536
10080,0.384463025558916