cycle,scout_effort
0,0.0
720,0.0
1440,0.0
2160,0.0
2880,0.0
3600,0.0
4320,0.0
5040,0.4440938145428672
5760,0.4126163391933816
6480,0.0
7200,0.6943883532621064
7920,0.08634953464322648
8640,0.0
9360,0.002785515320334262
10080,0.0