cycle,scout_effort
0,0.0
720,0.0
1440,0.0
2160,0.0
2880,0.0
3600,0.0
4320,0.0
5040,0.4458675244860778
5760,0.42128464413897865
6480,0.0
7200,0.0
7920,0.5651108761374298
8640,0.27070457354758964
9360,0.0
10080,0.0