cycle,scout_effort
0,0.0
720,0.0
1440,0.0
2160,0.0
2880,0.0
3600,0.0
4320,0.0
5040,0.6672717934185823
5760,0.11904761904761904
6480,0.0
7200,0.0
7920,0.0
8640,0.0
9360,0.0
10080,0.21171171171171171