cycle,scout_effort
0,0.0
720,0.0
1440,0.0
2160,0.0
2880,0.0
3600,0.0
4320,0.0
5040,0.6369951081402556
5760,0.14000644988356703
6480,0.5466988323197802
7200,0.0
7920,0.0
8640,0.2366751269035533
9360,0.16243654822335024
10080,0.0