cycle,scout_effort
0,0.0
720,0.0
1440,0.0
2160,0.0
2880,0.09597523219814241
3600,0.7145481510031546
4320,0.6936765020088229
5040,0.2976995940460081
5760,0.0
6480,0.0
7200,0.0
7920,0.0
8640,0.0
9360,0.5810839683783207
10080,0.7906530035987047