cycle,scout_effort
0,0.0
720,0.0
1440,0.0
2160,0.0
2880,0.0
3600,0.16358637257923742
4320,0.39744147393224316
5040,0.281282316442606
5760,0.0
6480,0.0
7200,0.0
7920,0.32168525117167357
8640,0.0
9360,0.0
10080,0.0