cycle,scout_effort
0,0.0
720,0.0
1440,0.0
2160,0.0
2880,0.0
3600,0.37812307400559425
4320,0.15875527426160338
5040,0.29324894514767935
5760,0.339662447257384
6480,0.23734177215189872
7200,0.05741833783719717
7920,0.20786516853932585
8640,0.3651685393258427
9360,0.0
10080,0.0