cycle,scout_effort
0,0.0
720,0.0
1440,0.0
2160,0.0
2880,0.0
3600,0.0
4320,0.4959101654846335
5040,0.3894799054373522
5760,0.0
6480,0.0
7200,0.0
7920,0.0
8640,0.574468085106383
9360,0.44520094562647755
10080,0.20288416075650118