cycle,scout_effort
0,0.0
720,0.0
1440,0.0
2160,0.0
2880,0.0
3600,0.0
4320,0.5302386265689019
5040,0.6435803431216276
5760,0.4823568653843883
6480,0.0
7200,0.0
7920,0.0
8640,0.11238532110091744
9360,0.37758138216853815
10080,0.4504474986126362