cycle,scout_effort
0,0.0
720,0.0
1440,0.0
2160,0.0
2880,0.0
3600,0.0
4320,0.5790701543141418
5040,0.23803827751196172
5760,0.07476076555023924
6480,0.0
7200,0.0
7920,0.5520929053518806
8640,0.7329723692132197
9360,0.0
10080,0.0