cycle,scout_effort
0,0.0
720,0.0
1440,0.0
2160,0.0
2880,0.0
3600,0.0
4320,0.0
5040,0.5604338123784043
5760,0.5577394190496618
6480,0.01437699680511182
7200,0.0
7920,0.0
8640,0.0
9360,0.09105431309904154
10080,0.15335463258785942