cycle,scout_effort
0,0.0
720,0.0
1440,0.0
2160,0.0
2880,0.29662162162162165
3600,0.23259493670886075
4320,0.3581223628691983
5040,0.3512658227848101
5760,0.40875527426160335
6480,0.0
7200,0.0
7920,0.0
8640,0.0
9360,0.47538487854943556
10080,0.573885277682746