cycle,scout_effort
0,0.0
720,0.0
1440,0.0
2160,0.0
2880,0.0
3600,0.0
4320,0.0
5040,0.6460560629494576
5760,0.35217903415783275
6480,0.0
7200,0.40807264325253917
7920,0.1967020023557126
8640,0.0
9360,0.0
10080,0.0