cycle,scout_effort
0,0.0
720,0.0
1440,0.0
2160,0.0
2880,0.0
3600,0.002109704641350211
4320,0.06912133652639982
5040,0.6279621393545444
5760,0.2974683544303797
6480,0.0
7200,0.0
7920,0.0
8640,0.0
9360,0.0
10080,0.2813604743984491