cycle,scout_effort
0,0.0
720,0.0
1440,0.0
2160,0.0
2880,0.0
3600,0.0
4320,0.0
5040,0.0
5760,0.27217125382262997
6480,0.43764819803602684
7200,0.19335162402287576
7920,0.41235780230330266
8640,0.0
9360,0.4928430435376346
10080,0.0