cycle,scout_effort
0,0.0
720,0.0
1440,0.0
2160,0.0
2880,0.0
3600,0.0
4320,0.0
5040,0.2376352981730438
5760,0.3264777662874871
6480,0.4317035504998276
7200,0.25923888314374355
7920,0.11183729748362634
8640,0.0
9360,0.0
10080,0.0