cycle,scout_effort
0,0.0
720,0.0
1440,0.0
2160,0.0
2880,0.0
3600,0.38264684447491454
4320,0.2766287487073423
5040,0.5940421082346977
5760,0.016713091922005572
6480,0.0
7200,0.06843668353722998
7920,0.0
8640,0.0
9360,0.0
10080,0.0