cycle,scout_effort
0,0.0
720,0.0
1440,0.0
2160,0.0
2880,0.0
3600,0.0
4320,0.27592006175757
5040,0.6947766014431105
5760,0.13791079812206572
6480,0.0
7200,0.11409395973154363
7920,0.0
8640,0.0
9360,0.0
10080,0.0