cycle,scout_effort
0,0.0
720,0.0
1440,0.0
2160,0.0
2880,0.0
3600,0.4545939411179064
4320,0.23945147679324894
5040,0.35232067510548526
5760,0.04377637130801688
6480,0.0
7200,0.325380457971839
7920,0.3443559474707249
8640,0.0
9360,0.0
10080,0.0