cycle,scout_effort
0,0.0
720,0.0
1440,0.0
2160,0.0
2880,0.0
3600,0.0
4320,0.0
5040,0.09865470852017937
5760,0.3452914798206278
6480,0.036465456010346765
7200,0.7825880694166163
7920,0.34555385936456445
8640,0.4541047821984755
9360,0.0
10080,0.10892726521006266