cycle,scout_effort
0,0.0
720,0.0
1440,0.0
2160,0.0
2880,0.0
3600,0.0
4320,0.0
5040,0.7342757794527663
5760,0.42021276595744683
6480,0.0
7200,0.0
7920,0.0
8640,0.4900083749430186
9360,0.521809305727825
10080,0.345296780417475