cycle,scout_effort
0,0.0
720,0.0
1440,0.0
2160,0.0
2880,0.0
3600,0.13302752293577982
4320,0.751451461392989
5040,0.3721244925575101
5760,0.16508795669824086
6480,0.0
7200,0.0
7920,0.0
8640,0.0
9360,0.33840051644299884
10080,0.0