cycle,scout_effort
0,0.0
720,0.0
1440,0.0
2160,0.0
2880,0.0
3600,0.0
4320,0.003355704697986577
5040,0.5212580540856001
5760,0.0714142067366462
6480,0.0
7200,0.0
7920,0.0
8640,0.0
9360,0.0
10080,0.0