cycle,scout_effort
0,0.0
720,0.0
1440,0.0
2160,0.0
2880,0.0
3600,0.0
4320,0.6299475959332512
5040,0.49693907121640224
5760,0.4257105943152455
6480,0.2041343669250646
7200,0.2536344755970924
7920,0.0
8640,0.0
9360,0.0
10080,0.0