cycle,scout_effort
0,0.0
720,0.0
1440,0.0
2160,0.0
2880,0.0
3600,0.0
4320,0.5483846949327817
5040,0.2988624612202689
5760,0.39865563598759046
6480,0.3541882109617373
7200,0.25333333333333335
7920,0.0
8640,0.0
9360,0.244
10080,0.18187935194760427