cycle,scout_effort
0,0.0
720,0.0
1440,0.0
2160,0.0
2880,0.0
3600,0.0
4320,0.0
5040,0.6159099878151708
5760,0.28041670387408435
6480,0.578613752437686
7200,0.11082001307780719
7920,0.0
8640,0.0
9360,0.569943223881113
10080,0.0