cycle,scout_effort
0,0.0
720,0.0
1440,0.0
2160,0.0
2880,0.0
3600,0.3385601858436448
4320,0.16033755274261605
5040,0.3454641350210971
5760,0.38343881856540085
6480,0.12341772151898735
7200,0.0
7920,0.0
8640,0.0
9360,0.0
10080,0.0