cycle,scout_effort
0,0.0
720,0.0
1440,0.0
2160,0.0
2880,0.0
3600,0.0
4320,0.0
5040,0.32001846399520933
5760,0.3674908927591197
6480,0.0
7200,0.0
7920,0.0
8640,0.0
9360,0.10172413793103448
10080,0.13092719197564748