cycle,scout_effort
0,0.0
720,0.0
1440,0.0
2160,0.0
2880,0.0
3600,0.0
4320,0.44454707913738556
5040,0.4095607235142119
5760,0.187984496124031
6480,0.3911649641382308
7200,0.3491390760462701
7920,0.5254292545098892
8640,0.07009345794392523
9360,0.07009345794392523