cycle,scout_effort
0,0.0
720,0.0
1440,0.0
2160,0.0
2880,0.0
3600,0.0
4320,0.645118192022248
5040,0.8065537518218827
5760,0.2376237623762376
6480,0.44981236702350436
7200,0.0
7920,0.0
8640,0.01485148514851485
9360,0.0
10080,0.0