cycle,scout_effort
0,0.0
720,0.0
1440,0.0
2160,0.0
2880,0.12782084103731095
3600,0.5546330536196843
4320,0.5146908927132223
5040,0.4146814108946096
5760,0.2050561797752809
6480,0.0
7200,0.37640449438202245
7920,0.0
8640,0.0
9360,0.0
10080,0.004219409282700422