cycle,scout_effort
0,0.0
720,0.0
1440,0.0
2160,0.0
2880,0.0
3600,0.48990543735224584
4320,0.7183924349881796
5040,0.7349408983451537
5760,0.15333333333333332
6480,0.0
7200,0.0
7920,0.0
8640,0.0
9360,0.0
10080,0.0