cycle,scout_effort
0,0.0
720,0.0
1440,0.0
2160,0.0
2880,0.0
3600,0.3193009465161364
4320,0.20938818565400844
5040,0.33755274261603374
5760,0.34862869198312235
6480,0.28841087923366404
7200,0.0996436309727449
7920,0.19611415212681035
8640,0.08540312464363098
9360,0.0
10080,0.0