cycle,scout_effort
0,0.0
720,0.0
1440,0.0
2160,0.0
2880,0.0
3600,0.23788546255506607
4320,0.7482125065014006
5040,0.44032497603098114
5760,0.406827880512091
6480,0.1813655761024182
7200,0.0
7920,0.0
8640,0.0
9360,0.24182076813655762
10080,0.0