cycle,scout_effort
0,0.0
720,0.0
1440,0.0
2160,0.0
2880,0.0
3600,0.0
4320,0.0
5040,0.4209113141272771
5760,0.1842060172745469
6480,0.0
7200,0.0
7920,0.5213439566345007
8640,0.5293055912521321
9360,0.7014416224678146
10080,0.6124520043303192