cycle,scout_effort
0,0.0
720,0.0
1440,0.0
2160,0.0
2880,0.0
3600,0.05066079295154185
4320,0.6486173165978406
5040,0.49768456144528483
5760,0.0
6480,0.15930154592338688
7200,0.0
7920,0.3788984904217921
8640,0.30492665166905836
9360,0.0
10080,0.3288580720762497