cycle,scout_effort
0,0.0
720,0.0
1440,0.0
2160,0.0
2880,0.0
3600,0.0
4320,0.0
5040,0.413414501348612
5760,0.35947211472416274
6480,0.34513368849575315
7200,0.0
7920,0.5588593757852943
8640,0.21565855824161095
9360,0.054455445544554455
10080,0.054455445544554455