cycle,scout_effort
0,0.0
720,0.0
1440,0.0
2160,0.0
2880,0.0
3600,0.04035874439461883
4320,0.8179642527748625
5040,0.5250108662235368
5760,0.6704724952029598
6480,0.0
7200,0.05605381165919283
7920,0.5154856936891093
8640,0.0
9360,0.0
10080,0.0