cycle,scout_effort
0,0.0
720,0.0
1440,0.0
2160,0.0
2880,0.0
3600,0.0
4320,0.42121898665990687
5040,0.31767087043315695
5760,0.0
6480,0.0
7200,0.0
7920,0.0
8640,0.0
9360,0.39391694920624865
10080,0.0