cycle,scout_effort
0,0.0
720,0.0
1440,0.0
2160,0.0
2880,0.0
3600,0.0
4320,0.24769338015226716
5040,0.21146295725515837
5760,0.09979317476732161
6480,0.0
7200,0.0
7920,0.0
8640,0.0
9360,0.15511892450879008
10080,0.0