cycle,scout_effort
0,0.0
720,0.0
1440,0.0
2160,0.0
2880,0.0
3600,0.0
4320,0.0
5040,0.6705746308486034
5760,0.44359544565024017
6480,0.4949326928778983
7200,0.9025974025974026
7920,0.7760422226175652
8640,0.29548419616912763
9360,0.6513075965130759
10080,0.1435064935064935