cycle,scout_effort
0,0.0
720,0.0
1440,0.0
2160,0.0
2880,0.21469366562824505
3600,0.3575853075418387
4320,0.21834625322997417
5040,0.37307107150619434
5760,0.0
6480,0.0
7200,0.045171339563862926
7920,0.0
8640,0.0
9360,0.41537467700258396
10080,0.9242072979304016