cycle,scout_effort
0,0.0
720,0.0
1440,0.0
2160,0.0
2880,0.0
3600,0.0
4320,0.0
5040,0.0
5760,0.20315483603154835
6480,0.5685702425428453
7200,0.5202959141315306
7920,0.15714285714285714
8640,0.5710342169246279
9360,0.1415525114155251
10080,0.3102532171025322