cycle,scout_effort
0,0.0
720,0.0
1440,0.0
2160,0.0
2880,0.0
3600,0.0
4320,0.33195917436423766
5040,0.32489451476793246
5760,0.4339804994868286
6480,0.39716900444748543
7200,0.14594594594594595
7920,0.04499087695290227
8640,0.18037974683544303
9360,0.11187421598814004
10080,0.0