cycle,scout_effort
0,0.0
720,0.0
1440,0.0
2160,0.0
2880,0.0
3600,0.0
4320,0.43586212795073553
5040,0.5573982210058159
5760,0.0
6480,0.0
7200,0.0
7920,0.0
8640,0.0
9360,0.22578401185996122
10080,0.0031645569620253164