cycle,scout_effort
0,0.0
720,0.0
1440,0.0
2160,0.0
2880,0.0
3600,0.0
4320,0.0
5040,0.46059101654846335
5760,0.3197399527186761
6480,0.3829787234042553
7200,0.6918203309692672
7920,0.585531914893617
8640,0.46643026004728133
9360,0.42139479905437355
10080,0.0