cycle,scout_effort
0,0.0
720,0.0
1440,0.0
2160,0.0
2880,0.0
3600,0.0
4320,0.6291720001896364
5040,0.17474991703408715
5760,0.270042194092827
6480,0.0
7200,0.033707865168539325
7920,0.03639240506329114
8640,0.3775897217086237
9360,0.6563314843787038
10080,0.0