cycle,scout_effort
0,0.0
720,0.0
1440,0.0
2160,0.0
2880,0.0
3600,0.0
4320,0.0
5040,0.0
5760,0.7756435401621793
6480,0.13981042654028436
7200,0.0
7920,0.519790105911631
8640,0.4066569350575859
9360,0.0
10080,0.0