cycle,scout_effort
0,0.0
720,0.0
1440,0.0
2160,0.0
2880,0.0
3600,0.03194888178913738
4320,0.5586670279261075
5040,0.38161791545776463
5760,0.23601907148797496
6480,0.0
7200,0.0
7920,0.0
8640,0.0
9360,0.0
10080,0.0