cycle,scout_effort
0,0.0
720,0.0
1440,0.0
2160,0.0
2880,0.0
3600,0.0
4320,0.2851560343535832
5040,0.7036451391572489
5760,0.0
6480,0.0
7200,0.7398067019455989
7920,0.17332549941245592
8640,0.2669480831867759
9360,0.6522074306579705
10080,0.1862514688601645