cycle,scout_effort
0,0.0
720,0.0
1440,0.0
2160,0.0
2880,0.3642284065070098
3600,0.1150670794633643
4320,0.34365325077399383
5040,0.6299749044904577
5760,0.19003596160645755
6480,0.001392757660167131
7200,0.0
7920,0.2528695982131307
8640,0.15600179376837964
9360,0.21727019498607242
10080,0.0