cycle,scout_effort
0,0.0
720,0.0
1440,0.0
2160,0.0
2880,0.0
3600,0.0
4320,0.47299827645639436
5040,0.6596842468114443
5760,0.17580144777662876
6480,0.0
7200,0.0
7920,0.04533333333333334
8640,0.0
9360,5.17063081695967E-4
10080,0.0