cycle,scout_effort
0,0.0
720,0.0
1440,0.0
2160,0.0
2880,0.0
3600,0.0
4320,0.04865771812080537
5040,0.6274340674922015
5760,0.8020173614393296
6480,0.5428206824841667
7200,0.0
7920,0.0
8640,0.0
9360,0.6928663704824023
10080,0.4695111384188802