cycle,scout_effort
0,0.0
720,0.0
1440,0.0
2160,0.0
2880,0.39495468804461487
3600,0.37476631071960453
4320,0.2703349282296651
5040,0.2595693779904306
5760,0.3008373205741627
6480,0.6682206343673753
7200,0.0
7920,0.0
8640,0.226500364396844
9360,0.6017895053708926
10080,0.0