cycle,scout_effort
0,0.0
720,0.0
1440,0.0
2160,0.0
2880,0.0
3600,0.0
4320,0.5963729997870646
5040,0.23619271445358403
5760,0.27379553466509987
6480,0.0
7200,0.0
7920,0.0
8640,0.0
9360,0.0
10080,0.5821694177398875