cycle,scout_effort
0,0.0
720,0.0
1440,0.0
2160,0.0
2880,0.0
3600,0.0
4320,0.04090909090909091
5040,0.8006336600202771
5760,0.45336262250760395
6480,0.0
7200,0.0
7920,0.0
8640,0.0
9360,0.0
10080,0.0