cycle,scout_effort
0,0.0
720,0.0
1440,0.0
2160,0.0
2880,0.0
3600,0.0
4320,0.17857820129900914
5040,0.5184480633385483
5760,0.23312236286919832
6480,0.0
7200,0.29353932584269665
7920,0.0
8640,0.05766130943915043
9360,0.0
10080,0.0