cycle,scout_effort
0,0.0
720,0.0
1440,0.0
2160,0.0
2880,0.0
3600,0.0
4320,0.6386837000607403
5040,0.6250191037874483
5760,0.018633540372670808
6480,0.7126222152555989
7200,0.0
7920,0.0
8640,0.0
9360,0.167192429022082
10080,0.0