cycle,scout_effort
0,0.0
720,0.0
1440,0.0
2160,0.03203342618384401
2880,0.3763585508406956
3600,0.0904860392967942
4320,0.5420635857964644
5040,0.7183648132091613
5760,0.3773609906871034
6480,0.08169596690796277
7200,0.3812065573392711
7920,0.0
8640,0.0
9360,0.0
10080,0.0