cycle,scout_effort
0,0.0
720,0.0
1440,0.0
2160,0.0
2880,0.0
3600,0.0
4320,0.7256039921032493
5040,0.7564096793070408
5760,0.5072697692065309
6480,0.5454288231397943
7200,0.0
7920,0.0
8640,0.0
9360,0.0
10080,0.0