cycle,scout_effort
0,0.0
720,0.0
1440,0.0
2160,0.0
2880,0.0
3600,0.0
4320,0.4993609027410171
5040,0.24216298916762424
5760,0.5046560494751656
6480,0.5347468787522756
7200,0.6703210334009012
7920,0.022620169651272386
8640,0.022620169651272386
9360,0.022620169651272386
10080,0.36146114417775943