cycle,scout_effort
0,0.0
720,0.0
1440,0.0
2160,0.0
2880,0.0
3600,0.0
4320,0.38328840702736783
5040,0.21878862793572312
5760,0.20210135970333745
6480,0.2530592084034531
7200,0.0
7920,0.0
8640,0.0
9360,0.0
10080,0.4081790698020761