cycle,scout_effort
0,0.0
720,0.0
1440,0.0
2160,0.0
2880,0.0
3600,0.0
4320,0.0
5040,0.4586402182292594
5760,0.6692551740496946
6480,0.0
7200,0.1415525114155251
7920,0.6155844155844156
8640,0.5294520547945205
9360,0.41286544505722583
10080,0.0