cycle,scout_effort
0,0.0
720,0.0
1440,0.0
2160,0.0
2880,0.0
3600,0.0
4320,0.0
5040,0.0
5760,0.43621324843736475
6480,0.5377516115557863
7200,0.6787857919672458
7920,0.6705332716181789
8640,0.6143348498703606
9360,0.4544041665255497
10080,0.8248907754659682