cycle,scout_effort
0,0.0
720,0.0
1440,0.0
2160,0.0
2880,0.0
3600,0.01891891891891892
4320,0.4764739422967271
5040,0.6863068764967499
5760,0.0
6480,0.4083133766678071
7200,0.28790626069107084
7920,0.0
8640,0.0
9360,0.0
10080,0.0