cycle,scout_effort
0,0.0
720,0.0
1440,0.0
2160,0.0
2880,0.0
3600,0.0
4320,0.0
5040,0.4009240741574335
5760,0.13507109004739337
6480,0.0
7200,0.0
7920,0.21231520124496003
8640,0.3880050415736912
9360,0.0
10080,0.0