cycle,scout_effort
0,0.0
720,0.0
1440,0.0
2160,0.0
2880,0.0
3600,0.0
4320,0.0
5040,0.0
5760,0.5519148936170213
6480,0.0
7200,0.028888888888888888
7920,0.5224586288416075
8640,0.5053191489361702
9360,0.4700709219858156
10080,0.25555555555555554