cycle,scout_effort
0,0.0
720,0.0
1440,0.0
2160,0.0
2880,0.0
3600,0.0
4320,0.5639948752696714
5040,0.09396636993076163
5760,0.0
6480,0.5125509162986674
7200,0.0
7920,0.0
8640,0.0118304944819583
9360,0.026618612584406176
10080,0.0